ID_ESCOLA,NO_ENTIDADE,CO_ORGAO_REGIONAL,TP_SITUACAO_FUNCIONAMENTO,DT_ANO_LETIVO_INICIO,DT_ANO_LETIVO_TERMINO,CO_REGIAO,CO_MESORREGIAO,CO_MICRORREGIAO,CO_UF,CO_MUNICIPIO,CO_DISTRITO,TP_DEPENDENCIA,TP_LOCALIZACAO,TP_CATEGORIA_ESCOLA_PRIVADA,IN_CONVENIADA_PP,TP_CONVENIO_PODER_PUBLICO,IN_MANT_ESCOLA_PRIVADA_EMP,IN_MANT_ESCOLA_PRIVADA_ONG,IN_MANT_ESCOLA_PRIVADA_SIND,IN_MANT_ESCOLA_PRIVADA_SIST_S,IN_MANT_ESCOLA_PRIVADA_S_FINS,CO_ESCOLA_SEDE_VINCULADA,CO_IES_OFERTANTE,TP_REGULAMENTACAO,IN_LOCAL_FUNC_PREDIO_ESCOLAR,TP_OCUPACAO_PREDIO_ESCOLAR,IN_LOCAL_FUNC_SALAS_EMPRESA,IN_LOCAL_FUNC_SOCIOEDUCATIVO,IN_LOCAL_FUNC_UNID_PRISIONAL,IN_LOCAL_FUNC_PRISIONAL_SOCIO,IN_LOCAL_FUNC_TEMPLO_IGREJA,IN_LOCAL_FUNC_CASA_PROFESSOR,IN_LOCAL_FUNC_GALPAO,TP_OCUPACAO_GALPAO,IN_LOCAL_FUNC_SALAS_OUTRA_ESC,IN_LOCAL_FUNC_OUTROS,IN_PREDIO_COMPARTILHADO,IN_AGUA_FILTRADA,IN_AGUA_REDE_PUBLICA,IN_AGUA_POCO_ARTESIANO,IN_AGUA_CACIMBA,IN_AGUA_FONTE_RIO,IN_AGUA_INEXISTENTE,IN_ENERGIA_REDE_PUBLICA,IN_ENERGIA_GERADOR,IN_ENERGIA_OUTROS,IN_ENERGIA_INEXISTENTE,IN_ESGOTO_REDE_PUBLICA,IN_ESGOTO_FOSSA,IN_ESGOTO_INEXISTENTE,IN_LIXO_COLETA_PERIODICA,IN_LIXO_QUEIMA,IN_LIXO_JOGA_OUTRA_AREA,IN_LIXO_RECICLA,IN_LIXO_ENTERRA,IN_LIXO_OUTROS,IN_SALA_DIRETORIA,IN_SALA_PROFESSOR,IN_LABORATORIO_INFORMATICA,IN_LABORATORIO_CIENCIAS,IN_SALA_ATENDIMENTO_ESPECIAL,IN_QUADRA_ESPORTES_COBERTA,IN_QUADRA_ESPORTES_DESCOBERTA,IN_QUADRA_ESPORTES,IN_COZINHA,IN_BIBLIOTECA,IN_SALA_LEITURA,IN_BIBLIOTECA_SALA_LEITURA,IN_PARQUE_INFANTIL,IN_BERCARIO,IN_BANHEIRO_FORA_PREDIO,IN_BANHEIRO_DENTRO_PREDIO,IN_BANHEIRO_EI,IN_BANHEIRO_PNE,IN_DEPENDENCIAS_PNE,IN_SECRETARIA,IN_BANHEIRO_CHUVEIRO,IN_REFEITORIO,IN_DESPENSA,IN_ALMOXARIFADO,IN_AUDITORIO,IN_PATIO_COBERTO,IN_PATIO_DESCOBERTO,IN_ALOJAM_ALUNO,IN_ALOJAM_PROFESSOR,IN_AREA_VERDE,IN_LAVANDERIA,IN_DEPENDENCIAS_OUTRAS,NU_SALAS_EXISTENTES,NU_SALAS_UTILIZADAS,IN_EQUIP_TV,IN_EQUIP_VIDEOCASSETE,IN_EQUIP_DVD,IN_EQUIP_PARABOLICA,IN_EQUIP_COPIADORA,IN_EQUIP_RETROPROJETOR,IN_EQUIP_IMPRESSORA,IN_EQUIP_IMPRESSORA_MULT,IN_EQUIP_SOM,IN_EQUIP_MULTIMIDIA,IN_EQUIP_FAX,IN_EQUIP_FOTO,IN_COMPUTADOR,NU_EQUIP_TV,NU_EQUIP_VIDEOCASSETE,NU_EQUIP_DVD,NU_EQUIP_PARABOLICA,NU_EQUIP_COPIADORA,NU_EQUIP_RETROPROJETOR,NU_EQUIP_IMPRESSORA,NU_EQUIP_IMPRESSORA_MULT,NU_EQUIP_SOM,NU_EQUIP_MULTIMIDIA,NU_EQUIP_FAX,NU_EQUIP_FOTO,NU_COMPUTADOR,NU_COMP_ADMINISTRATIVO,NU_COMP_ALUNO,IN_INTERNET,IN_BANDA_LARGA,NU_FUNCIONARIOS,IN_ALIMENTACAO,TP_AEE,TP_ATIVIDADE_COMPLEMENTAR,IN_FUNDAMENTAL_CICLOS,TP_LOCALIZACAO_DIFERENCIADA,IN_MATERIAL_ESP_QUILOMBOLA,IN_MATERIAL_ESP_INDIGENA,IN_MATERIAL_ESP_NAO_UTILIZA,IN_EDUCACAO_INDIGENA,TP_INDIGENA_LINGUA,CO_LINGUA_INDIGENA,IN_BRASIL_ALFABETIZADO,IN_FINAL_SEMANA,IN_FORMACAO_ALTERNANCIA,IN_MEDIACAO_PRESENCIAL,IN_MEDIACAO_SEMIPRESENCIAL,IN_MEDIACAO_EAD,IN_ESPECIAL_EXCLUSIVA,IN_REGULAR,IN_EJA,IN_PROFISSIONALIZANTE,IN_COMUM_CRECHE,IN_COMUM_PRE,IN_COMUM_FUND_AI,IN_COMUM_FUND_AF,IN_COMUM_MEDIO_MEDIO,IN_COMUM_MEDIO_INTEGRADO,IN_COMUM_MEDIO_NORMAL,IN_ESP_EXCLUSIVA_CRECHE,IN_ESP_EXCLUSIVA_PRE,IN_ESP_EXCLUSIVA_FUND_AI,IN_ESP_EXCLUSIVA_FUND_AF,IN_ESP_EXCLUSIVA_MEDIO_MEDIO,IN_ESP_EXCLUSIVA_MEDIO_INTEGR,IN_ESP_EXCLUSIVA_MEDIO_NORMAL,IN_COMUM_EJA_FUND,IN_COMUM_EJA_MEDIO,IN_COMUM_EJA_PROF,IN_ESP_EXCLUSIVA_EJA_FUND,IN_ESP_EXCLUSIVA_EJA_MEDIO,IN_ESP_EXCLUSIVA_EJA_PROF,IN_COMUM_PROF,IN_ESP_EXCLUSIVA_PROF,TX_RESP_Q002_A,TX_RESP_Q002_B,TX_RESP_Q002_C,TX_RESP_Q002_D,TX_RESP_Q002_E,TX_RESP_Q002_F,TX_RESP_Q004_A,TX_RESP_Q004_B,TX_RESP_Q004_C,TX_RESP_Q004_D,TX_RESP_Q004_E,TX_RESP_Q004_F,TX_RESP_Q004_G,TX_RESP_Q004_H,TX_RESP_Q005_A,TX_RESP_Q005_B,TX_RESP_Q008_A,TX_RESP_Q008_B,TX_RESP_Q011_A,TX_RESP_Q011_B,TX_RESP_Q012_A,TX_RESP_Q012_B,TX_RESP_Q012_C,TX_RESP_Q013_A,TX_RESP_Q013_B,TX_RESP_Q013_C,TX_RESP_Q014_A,TX_RESP_Q014_B,TX_RESP_Q014_C,TX_RESP_Q015_A,TX_RESP_Q015_B,TX_RESP_Q015_C,TX_RESP_Q015_D,TX_RESP_Q015_E,TX_RESP_Q016_A,TX_RESP_Q016_B,TX_RESP_Q016_C,TX_RESP_Q016_D,TX_RESP_Q016_E,TX_RESP_Q016_F,TX_RESP_Q017_A,TX_RESP_Q017_B,TX_RESP_Q017_C,TX_RESP_Q017_D,TX_RESP_Q017_E,TX_RESP_Q018_A,TX_RESP_Q018_B,TX_RESP_Q018_C,TX_RESP_Q019_A,TX_RESP_Q019_B,TX_RESP_Q019_C,TX_RESP_Q019_D,TX_RESP_Q019_E,TX_RESP_Q019_F,TX_RESP_Q019_G,TX_RESP_Q020_A,TX_RESP_Q020_B,TX_RESP_Q021_A,TX_RESP_Q021_B,TX_RESP_Q022_A,TX_RESP_Q022_B,TX_RESP_Q022_C,TX_RESP_Q023_A,TX_RESP_Q023_B,TX_RESP_Q023_C,TX_RESP_Q023_D,TX_RESP_Q023_E,TX_RESP_Q023_F,TX_RESP_Q023_G,TX_RESP_Q024_A,TX_RESP_Q024_B,TX_RESP_Q025_A,TX_RESP_Q025_B,TX_RESP_Q026_A,TX_RESP_Q026_B,TX_RESP_Q026_C,TX_RESP_Q027_A,TX_RESP_Q027_B,TX_RESP_Q028_A,TX_RESP_Q028_B,TX_RESP_Q029_A,TX_RESP_Q029_B,TX_RESP_Q030_A,TX_RESP_Q030_B,TX_RESP_Q031_A,TX_RESP_Q031_B,TX_RESP_Q034_A,TX_RESP_Q034_B,TX_RESP_Q034_C,TX_RESP_Q035_A,TX_RESP_Q035_B,TX_RESP_Q035_C,TX_RESP_Q036_A,TX_RESP_Q036_B,TX_RESP_Q036_C,TX_RESP_Q036_D,TX_RESP_Q036_E,TX_RESP_Q037_A,TX_RESP_Q037_B,TX_RESP_Q037_C,TX_RESP_Q037_D,TX_RESP_Q037_E,TX_RESP_Q038_A,TX_RESP_Q038_B,TX_RESP_Q039_A,TX_RESP_Q039_B,TX_RESP_Q039_C,TX_RESP_Q039_D,TX_RESP_Q040_A,TX_RESP_Q040_B,TX_RESP_Q040_C,TX_RESP_Q041_A,TX_RESP_Q041_B,TX_RESP_Q041_C,TX_RESP_Q042_A,TX_RESP_Q042_B,TX_RESP_Q042_C,TX_RESP_Q043_A,TX_RESP_Q043_B,TX_RESP_Q044_A,TX_RESP_Q044_B,TX_RESP_Q045_A,TX_RESP_Q045_B,TX_RESP_Q045_C,TX_RESP_Q045_D,TX_RESP_Q048_A,TX_RESP_Q048_B,TX_RESP_Q048_C,TX_RESP_Q049_A,TX_RESP_Q049_B,TX_RESP_Q049_C,TX_RESP_Q050_A,TX_RESP_Q050_B,TX_RESP_Q050_C,TX_RESP_Q051_A,TX_RESP_Q051_B,TX_RESP_Q051_C,TX_RESP_Q051_D,TX_RESP_Q052_A,TX_RESP_Q052_B,TX_RESP_Q053_A,TX_RESP_Q053_B,TX_RESP_Q053_C,TX_RESP_Q053_D,TX_RESP_Q054_A,TX_RESP_Q054_B,TX_RESP_Q054_C,TX_RESP_Q055_A,TX_RESP_Q055_B,TX_RESP_Q055_C,TX_RESP_Q056_A,TX_RESP_Q056_B,TX_RESP_Q056_C,TX_RESP_Q058_A,TX_RESP_Q058_B,TX_RESP_Q058_C,TX_RESP_Q059_A,TX_RESP_Q059_B,TX_RESP_Q059_C,TX_RESP_Q059_D,TX_RESP_Q060_A,TX_RESP_Q060_B,TX_RESP_Q060_C,TX_RESP_Q060_D,IDEB 2017,MEDIA_IDEB_MICRORREGIAO,Classe-IDEB
26044412,ESCOLA JOAO RODRIGUES CARDOSO,10.0,1,01/02/2017,22/12/2017,2,2603,26007,26,2600500,260050010,2,1,,,,,,,,,,,1.0,1.0,1.0,0.0,0.0,0.0,0.0,0.0,0.0,0.0,,1.0,0.0,0.0,1.0,1.0,0.0,0.0,0.0,0.0,1.0,0.0,0.0,0.0,1.0,1.0,0.0,1.0,0.0,0.0,0.0,0.0,0.0,1.0,1.0,1.0,1.0,0.0,0.0,0.0,0.0,1.0,1.0,0.0,1.0,0.0,0.0,0.0,1.0,0.0,0.0,0.0,0.0,0.0,0.0,0.0,0.0,0.0,0.0,0.0,0.0,0.0,0.0,0.0,0.0,14.0,23.0,0.0,0.0,0.0,0.0,0.0,0.0,0.0,0.0,0.0,0.0,0.0,0.0,1.0,0.0,0.0,0.0,0.0,0.0,0.0,0.0,0.0,0.0,0.0,0.0,0.0,15.0,5.0,10.0,1.0,1.0,77.0,1.0,0.0,0.0,,0.0,0.0,0.0,1.0,0.0,,,0.0,0.0,0.0,1.0,0.0,0.0,0.0,1.0,1.0,0.0,0.0,0.0,0.0,0.0,1.0,0.0,0.0,0.0,0.0,0.0,0.0,0.0,0.0,0.0,0.0,1.0,0.0,0.0,0.0,0.0,0.0,0.0,37.0,14.0,133.0,16.0,12.0,51.0,0.0,8.0,92.0,69.0,50.0,21.0,9.0,14.0,10.0,253.0,5.0,258.0,201.0,62.0,207.0,53.0,3.0,202.0,54.0,7.0,7.0,222.0,34.0,0.0,6.0,146.0,100.0,11.0,1.0,28.0,40.0,109.0,39.0,46.0,243.0,16.0,4.0,0.0,0.0,218.0,35.0,10.0,18.0,64.0,48.0,20.0,75.0,9.0,29.0,211.0,52.0,187.0,76.0,169.0,85.0,9.0,26.0,73.0,34.0,18.0,56.0,0.0,56.0,187.0,76.0,137.0,126.0,196.0,55.0,12.0,259.0,4.0,241.0,22.0,225.0,38.0,259.0,4.0,205.0,58.0,74.0,166.0,23.0,200.0,57.0,6.0,67.0,58.0,37.0,89.0,12.0,94.0,56.0,29.0,38.0,46.0,51.0,212.0,29.0,135.0,85.0,14.0,244.0,5.0,14.0,152.0,79.0,32.0,238.0,19.0,6.0,54.0,209.0,226.0,37.0,175.0,84.0,4.0,0.0,237.0,26.0,0.0,171.0,92.0,0.0,217.0,46.0,0.0,238.0,24.0,1.0,0.0,194.0,69.0,207.0,55.0,1.0,0.0,255.0,8.0,0.0,218.0,45.0,0.0,177.0,86.0,0.0,200.0,63.0,0.0,260.0,3.0,0.0,0.0,14.0,119.0,125.0,5.0,3.7,4.1,Abaixo da média
26044862,ESCOLA DE REFERENCIA EM ENSINO MEDIO CORONEL NICOLAU SIQUEIRA,10.0,1,01/02/2017,22/12/2017,2,2603,26007,26,2600500,260050005,2,1,,,,,,,,,,,1.0,1.0,1.0,0.0,0.0,0.0,0.0,0.0,0.0,0.0,,0.0,0.0,0.0,1.0,1.0,0.0,1.0,0.0,0.0,1.0,0.0,0.0,0.0,0.0,1.0,0.0,1.0,0.0,0.0,0.0,0.0,0.0,1.0,1.0,0.0,0.0,0.0,0.0,0.0,0.0,1.0,0.0,0.0,0.0,0.0,0.0,0.0,1.0,0.0,0.0,0.0,0.0,0.0,0.0,0.0,0.0,0.0,0.0,0.0,0.0,0.0,0.0,0.0,0.0,17.0,18.0,0.0,0.0,0.0,0.0,0.0,0.0,0.0,0.0,0.0,0.0,0.0,0.0,1.0,0.0,0.0,0.0,0.0,0.0,0.0,0.0,0.0,0.0,0.0,0.0,0.0,14.0,3.0,11.0,1.0,1.0,44.0,1.0,0.0,0.0,,0.0,0.0,0.0,1.0,0.0,,,0.0,1.0,0.0,1.0,0.0,0.0,0.0,1.0,0.0,0.0,0.0,0.0,0.0,0.0,1.0,0.0,0.0,0.0,0.0,0.0,0.0,0.0,0.0,0.0,0.0,0.0,0.0,0.0,0.0,0.0,0.0,0.0,11.0,5.0,50.0,6.0,4.0,4.0,0.0,3.0,39.0,20.0,9.0,8.0,1.0,0.0,1.0,79.0,1.0,79.0,63.0,17.0,69.0,10.0,1.0,59.0,17.0,4.0,5.0,57.0,18.0,0.0,2.0,36.0,37.0,5.0,1.0,8.0,15.0,24.0,18.0,14.0,75.0,4.0,1.0,0.0,0.0,73.0,4.0,3.0,6.0,27.0,11.0,6.0,11.0,15.0,4.0,55.0,25.0,51.0,29.0,46.0,31.0,3.0,4.0,25.0,17.0,5.0,15.0,1.0,13.0,58.0,22.0,31.0,49.0,54.0,20.0,6.0,77.0,3.0,73.0,7.0,67.0,13.0,78.0,2.0,62.0,18.0,40.0,35.0,5.0,55.0,23.0,2.0,22.0,23.0,13.0,18.0,4.0,26.0,20.0,10.0,9.0,15.0,3.0,77.0,16.0,39.0,24.0,1.0,77.0,2.0,1.0,56.0,18.0,6.0,75.0,4.0,1.0,14.0,66.0,67.0,13.0,54.0,21.0,1.0,4.0,69.0,7.0,4.0,39.0,36.0,5.0,65.0,11.0,4.0,57.0,19.0,0.0,4.0,53.0,27.0,46.0,30.0,3.0,1.0,76.0,3.0,1.0,69.0,10.0,1.0,48.0,31.0,1.0,59.0,20.0,1.0,68.0,10.0,1.0,1.0,7.0,55.0,18.0,0.0,4.7,4.1,Acima da média
26071924,ESCOLA DE REFERENCIA EM ENSINO MEDIO AZARIAS SALGADO,10.0,1,01/02/2017,22/12/2017,2,2603,26011,26,2601003,260100305,2,1,,,,,,,,,,,1.0,1.0,1.0,0.0,0.0,0.0,0.0,0.0,0.0,0.0,,0.0,0.0,0.0,0.0,1.0,0.0,0.0,0.0,0.0,1.0,0.0,0.0,0.0,0.0,1.0,0.0,1.0,0.0,0.0,0.0,0.0,0.0,1.0,1.0,1.0,0.0,0.0,0.0,1.0,1.0,1.0,1.0,0.0,1.0,0.0,0.0,0.0,1.0,0.0,1.0,1.0,1.0,1.0,1.0,1.0,0.0,0.0,0.0,0.0,0.0,0.0,0.0,0.0,0.0,11.0,11.0,1.0,0.0,0.0,1.0,0.0,0.0,0.0,1.0,1.0,1.0,0.0,1.0,1.0,3.0,0.0,0.0,1.0,0.0,0.0,0.0,6.0,4.0,5.0,0.0,3.0,20.0,2.0,18.0,1.0,1.0,42.0,1.0,0.0,0.0,0.0,0.0,0.0,0.0,1.0,0.0,,,0.0,0.0,0.0,1.0,0.0,0.0,0.0,1.0,1.0,0.0,0.0,0.0,0.0,0.0,1.0,0.0,0.0,0.0,0.0,0.0,0.0,0.0,0.0,0.0,0.0,1.0,0.0,0.0,0.0,0.0,0.0,0.0,22.0,9.0,55.0,8.0,0.0,18.0,0.0,3.0,54.0,27.0,13.0,5.0,4.0,6.0,6.0,106.0,0.0,112.0,79.0,33.0,92.0,19.0,1.0,82.0,28.0,2.0,0.0,90.0,22.0,0.0,6.0,53.0,42.0,11.0,0.0,13.0,21.0,34.0,25.0,19.0,94.0,15.0,3.0,0.0,0.0,96.0,15.0,1.0,3.0,39.0,16.0,11.0,32.0,5.0,6.0,94.0,18.0,77.0,35.0,60.0,50.0,2.0,10.0,37.0,13.0,7.0,22.0,2.0,21.0,71.0,41.0,50.0,62.0,79.0,21.0,12.0,112.0,0.0,102.0,10.0,99.0,13.0,109.0,3.0,83.0,29.0,40.0,60.0,12.0,81.0,28.0,3.0,29.0,27.0,10.0,36.0,10.0,46.0,28.0,7.0,17.0,14.0,10.0,102.0,20.0,76.0,14.0,2.0,111.0,1.0,0.0,65.0,33.0,14.0,98.0,13.0,1.0,25.0,87.0,104.0,8.0,74.0,32.0,2.0,4.0,96.0,13.0,3.0,75.0,35.0,2.0,102.0,8.0,2.0,107.0,2.0,0.0,3.0,81.0,31.0,71.0,39.0,2.0,0.0,107.0,4.0,1.0,89.0,22.0,1.0,88.0,23.0,1.0,80.0,30.0,2.0,111.0,1.0,0.0,0.0,42.0,58.0,12.0,0.0,3.7,4.3,Abaixo da média
26072149,ESCOLA CORONEL JOSE ABILIO,10.0,1,01/02/2017,22/12/2017,2,2603,26011,26,2602100,260210005,2,1,,,,,,,,,,,1.0,1.0,1.0,0.0,0.0,0.0,0.0,0.0,0.0,0.0,,1.0,0.0,1.0,1.0,1.0,0.0,0.0,0.0,0.0,1.0,0.0,0.0,0.0,1.0,0.0,0.0,1.0,1.0,0.0,0.0,0.0,0.0,1.0,1.0,1.0,1.0,1.0,1.0,1.0,1.0,1.0,1.0,0.0,1.0,0.0,0.0,0.0,1.0,0.0,1.0,1.0,1.0,0.0,1.0,0.0,1.0,1.0,0.0,0.0,0.0,0.0,0.0,0.0,0.0,31.0,31.0,1.0,0.0,0.0,1.0,1.0,1.0,1.0,0.0,1.0,1.0,0.0,0.0,1.0,3.0,0.0,0.0,1.0,1.0,1.0,5.0,0.0,1.0,1.0,0.0,0.0,20.0,6.0,14.0,1.0,1.0,76.0,1.0,0.0,0.0,0.0,0.0,0.0,0.0,1.0,0.0,,,0.0,1.0,0.0,1.0,0.0,0.0,1.0,1.0,1.0,0.0,0.0,0.0,0.0,0.0,1.0,0.0,0.0,0.0,0.0,1.0,0.0,0.0,0.0,0.0,0.0,1.0,0.0,0.0,0.0,0.0,0.0,0.0,,,,,,,,,,,,,,,,,,,,,,,,,,,,,,,,,,,,,,,,,,,,,,,,,,,,,,,,,,,,,,,,,,,,,,,,,,,,,,,,,,,,,,,,,,,,,,,,,,,,,,,,,,,,,,,,,,,,,,,,,,,,,,,,,,,,,,,,,,,,,,,,,,,,,,,,,,,,,,,,,,,,,,4.3,Média
26072254,ESCOLA DE REFERENCIA EM ENSINO MEDIO FREI CAETANO DE MESSINA,10.0,1,01/02/2017,22/12/2017,2,2603,26011,26,2602100,260210005,2,1,,,,,,,,,,,1.0,1.0,2.0,0.0,0.0,0.0,0.0,0.0,0.0,0.0,,0.0,0.0,0.0,1.0,1.0,0.0,0.0,0.0,0.0,1.0,0.0,0.0,0.0,1.0,0.0,0.0,1.0,0.0,0.0,0.0,0.0,0.0,1.0,1.0,1.0,1.0,0.0,0.0,1.0,1.0,1.0,1.0,0.0,1.0,0.0,0.0,1.0,1.0,0.0,0.0,0.0,0.0,0.0,0.0,0.0,0.0,0.0,0.0,0.0,0.0,0.0,0.0,0.0,0.0,17.0,17.0,0.0,0.0,0.0,0.0,0.0,0.0,0.0,0.0,0.0,0.0,0.0,0.0,1.0,0.0,0.0,0.0,0.0,0.0,0.0,0.0,0.0,0.0,0.0,0.0,0.0,14.0,4.0,10.0,1.0,1.0,39.0,1.0,0.0,0.0,0.0,0.0,0.0,0.0,1.0,0.0,,,0.0,0.0,0.0,1.0,0.0,0.0,0.0,1.0,0.0,0.0,0.0,0.0,0.0,0.0,1.0,0.0,0.0,0.0,0.0,0.0,0.0,0.0,0.0,0.0,0.0,0.0,0.0,0.0,0.0,0.0,0.0,0.0,21.0,13.0,69.0,11.0,4.0,34.0,0.0,5.0,82.0,47.0,15.0,3.0,0.0,0.0,3.0,149.0,0.0,152.0,108.0,44.0,117.0,31.0,4.0,100.0,45.0,7.0,0.0,126.0,26.0,0.0,7.0,85.0,55.0,5.0,0.0,9.0,33.0,63.0,30.0,17.0,144.0,7.0,1.0,0.0,0.0,134.0,14.0,4.0,13.0,33.0,15.0,6.0,60.0,15.0,10.0,126.0,26.0,120.0,32.0,109.0,38.0,5.0,15.0,34.0,22.0,9.0,48.0,4.0,20.0,115.0,37.0,83.0,69.0,100.0,49.0,3.0,152.0,0.0,143.0,9.0,131.0,21.0,149.0,3.0,119.0,33.0,47.0,96.0,9.0,111.0,36.0,5.0,34.0,37.0,16.0,58.0,7.0,77.0,29.0,10.0,11.0,25.0,12.0,140.0,37.0,84.0,29.0,2.0,136.0,2.0,14.0,123.0,26.0,3.0,146.0,6.0,0.0,23.0,129.0,131.0,21.0,108.0,38.0,6.0,0.0,134.0,16.0,2.0,104.0,46.0,2.0,130.0,19.0,3.0,147.0,5.0,0.0,0.0,99.0,53.0,106.0,39.0,7.0,0.0,143.0,8.0,1.0,127.0,24.0,1.0,109.0,42.0,1.0,122.0,29.0,1.0,144.0,7.0,0.0,1.0,16.0,98.0,37.0,1.0,4.3,4.3,Média
26073102,ESCOLA DE REFERENCIA EM ENSINO MEDIO PROFESSORA ISMENIA LEMOS WANDERLEY,10.0,1,01/02/2017,22/12/2017,2,2603,26011,26,2602407,260240705,2,1,,,,,,,,,,,1.0,1.0,1.0,0.0,0.0,0.0,0.0,0.0,0.0,0.0,,0.0,0.0,0.0,1.0,1.0,1.0,0.0,0.0,0.0,1.0,0.0,0.0,0.0,0.0,1.0,0.0,1.0,0.0,0.0,0.0,0.0,0.0,1.0,1.0,1.0,0.0,0.0,0.0,1.0,1.0,1.0,1.0,0.0,1.0,0.0,0.0,0.0,1.0,0.0,0.0,0.0,1.0,0.0,0.0,0.0,0.0,0.0,0.0,1.0,0.0,0.0,0.0,0.0,0.0,11.0,11.0,1.0,0.0,1.0,0.0,1.0,0.0,1.0,1.0,1.0,1.0,0.0,1.0,1.0,4.0,0.0,1.0,0.0,2.0,0.0,1.0,3.0,5.0,10.0,0.0,3.0,16.0,5.0,11.0,1.0,1.0,34.0,1.0,0.0,0.0,,0.0,0.0,0.0,1.0,0.0,,,0.0,0.0,0.0,1.0,0.0,0.0,0.0,1.0,1.0,0.0,0.0,0.0,0.0,0.0,1.0,0.0,0.0,0.0,0.0,0.0,0.0,0.0,0.0,0.0,0.0,1.0,0.0,0.0,0.0,0.0,0.0,0.0,16.0,1.0,47.0,6.0,2.0,20.0,0.0,4.0,52.0,26.0,8.0,1.0,1.0,0.0,2.0,90.0,3.0,89.0,77.0,15.0,77.0,14.0,1.0,84.0,7.0,1.0,2.0,88.0,2.0,1.0,3.0,52.0,35.0,1.0,0.0,4.0,17.0,40.0,19.0,12.0,82.0,9.0,1.0,0.0,0.0,87.0,3.0,2.0,2.0,36.0,13.0,7.0,28.0,2.0,4.0,70.0,22.0,69.0,23.0,76.0,15.0,1.0,4.0,31.0,18.0,5.0,23.0,0.0,11.0,69.0,23.0,58.0,34.0,73.0,15.0,4.0,89.0,3.0,86.0,6.0,77.0,15.0,90.0,2.0,74.0,18.0,34.0,52.0,6.0,63.0,25.0,4.0,24.0,20.0,12.0,32.0,4.0,45.0,20.0,9.0,4.0,14.0,2.0,90.0,22.0,51.0,17.0,2.0,91.0,0.0,1.0,70.0,15.0,7.0,92.0,0.0,0.0,13.0,79.0,77.0,15.0,73.0,15.0,4.0,0.0,85.0,7.0,0.0,61.0,30.0,1.0,80.0,11.0,1.0,82.0,7.0,1.0,2.0,58.0,34.0,61.0,24.0,7.0,0.0,87.0,5.0,0.0,73.0,19.0,0.0,57.0,35.0,0.0,72.0,20.0,0.0,80.0,12.0,0.0,0.0,13.0,51.0,23.0,5.0,4.4,4.3,Acima da média
26045656,ESCOLA DE REFERENCIA EM ENSINO MEDIO SAO FELIX DE CANTALICE,11.0,1,01/02/2017,28/12/2017,2,2603,26007,26,2602803,260280305,2,1,,,,,,,,,,,1.0,1.0,1.0,0.0,0.0,0.0,0.0,0.0,0.0,0.0,,0.0,0.0,0.0,1.0,1.0,0.0,0.0,0.0,0.0,1.0,0.0,0.0,0.0,1.0,1.0,0.0,1.0,0.0,0.0,0.0,0.0,0.0,1.0,1.0,1.0,0.0,0.0,0.0,0.0,0.0,1.0,1.0,0.0,1.0,0.0,0.0,0.0,1.0,0.0,0.0,0.0,0.0,0.0,0.0,0.0,0.0,0.0,0.0,1.0,0.0,0.0,0.0,0.0,0.0,13.0,10.0,1.0,0.0,1.0,0.0,1.0,0.0,1.0,1.0,1.0,1.0,0.0,1.0,1.0,1.0,0.0,2.0,0.0,2.0,0.0,4.0,2.0,4.0,6.0,0.0,2.0,12.0,2.0,8.0,1.0,1.0,28.0,1.0,0.0,0.0,,0.0,0.0,0.0,1.0,0.0,,,0.0,0.0,0.0,1.0,0.0,0.0,0.0,1.0,1.0,0.0,0.0,0.0,0.0,0.0,1.0,0.0,0.0,0.0,0.0,0.0,0.0,0.0,0.0,0.0,1.0,1.0,0.0,0.0,0.0,0.0,0.0,0.0,1.0,7.0,38.0,4.0,1.0,17.0,0.0,2.0,41.0,18.0,5.0,2.0,0.0,0.0,3.0,65.0,1.0,67.0,54.0,14.0,61.0,6.0,1.0,60.0,7.0,1.0,4.0,60.0,4.0,0.0,2.0,40.0,20.0,6.0,0.0,2.0,7.0,29.0,8.0,22.0,66.0,2.0,0.0,0.0,0.0,64.0,3.0,1.0,9.0,23.0,8.0,3.0,14.0,2.0,9.0,45.0,23.0,42.0,26.0,46.0,18.0,4.0,13.0,17.0,5.0,3.0,12.0,1.0,17.0,38.0,30.0,31.0,37.0,57.0,9.0,2.0,68.0,0.0,62.0,6.0,61.0,7.0,68.0,0.0,54.0,14.0,24.0,41.0,3.0,46.0,18.0,4.0,15.0,23.0,3.0,22.0,5.0,27.0,18.0,6.0,10.0,7.0,3.0,65.0,12.0,42.0,13.0,1.0,67.0,0.0,1.0,50.0,16.0,2.0,65.0,3.0,0.0,13.0,55.0,61.0,7.0,44.0,24.0,0.0,0.0,64.0,3.0,1.0,48.0,18.0,2.0,58.0,10.0,0.0,63.0,4.0,1.0,0.0,56.0,12.0,45.0,21.0,2.0,0.0,68.0,0.0,0.0,59.0,9.0,0.0,52.0,16.0,0.0,49.0,19.0,0.0,65.0,2.0,1.0,0.0,13.0,44.0,11.0,0.0,4.1,4.1,Média
26045745,ESCOLA DE REFERENCIA EM ENSINO MEDIO DUQUE DE CAXIAS,11.0,1,02/02/2017,22/12/2017,2,2603,26007,26,2602803,260280305,2,1,,,,,,,,,,,1.0,1.0,1.0,0.0,0.0,0.0,0.0,0.0,0.0,0.0,,0.0,0.0,0.0,1.0,1.0,0.0,0.0,0.0,0.0,1.0,0.0,0.0,0.0,1.0,0.0,0.0,1.0,0.0,0.0,0.0,0.0,0.0,1.0,1.0,1.0,1.0,0.0,0.0,1.0,1.0,1.0,1.0,0.0,1.0,0.0,0.0,0.0,1.0,0.0,1.0,0.0,0.0,0.0,0.0,0.0,0.0,0.0,0.0,0.0,0.0,0.0,0.0,0.0,0.0,13.0,13.0,1.0,0.0,1.0,0.0,1.0,0.0,1.0,0.0,1.0,1.0,0.0,1.0,1.0,2.0,0.0,2.0,0.0,2.0,0.0,6.0,0.0,5.0,9.0,0.0,2.0,14.0,6.0,9.0,1.0,0.0,39.0,1.0,0.0,0.0,,0.0,0.0,0.0,1.0,0.0,,,0.0,0.0,0.0,1.0,0.0,0.0,0.0,1.0,0.0,0.0,0.0,0.0,0.0,0.0,1.0,0.0,0.0,0.0,0.0,0.0,0.0,0.0,0.0,0.0,0.0,0.0,0.0,0.0,0.0,0.0,0.0,0.0,26.0,16.0,93.0,16.0,4.0,31.0,0.0,14.0,115.0,43.0,14.0,0.0,0.0,0.0,8.0,178.0,3.0,183.0,138.0,48.0,135.0,47.0,4.0,144.0,37.0,5.0,8.0,150.0,28.0,0.0,6.0,93.0,74.0,13.0,0.0,11.0,33.0,74.0,39.0,29.0,177.0,9.0,0.0,0.0,0.0,166.0,9.0,11.0,13.0,50.0,25.0,12.0,66.0,7.0,13.0,153.0,33.0,137.0,49.0,137.0,43.0,6.0,21.0,42.0,31.0,17.0,38.0,3.0,34.0,134.0,52.0,97.0,89.0,149.0,32.0,5.0,184.0,2.0,174.0,12.0,168.0,18.0,183.0,3.0,148.0,38.0,68.0,103.0,15.0,124.0,52.0,10.0,41.0,53.0,29.0,46.0,17.0,75.0,42.0,15.0,16.0,38.0,13.0,173.0,38.0,109.0,32.0,7.0,180.0,2.0,4.0,141.0,38.0,7.0,184.0,2.0,0.0,44.0,142.0,166.0,20.0,157.0,28.0,1.0,0.0,170.0,15.0,1.0,116.0,66.0,4.0,157.0,27.0,2.0,180.0,6.0,0.0,0.0,132.0,54.0,142.0,40.0,4.0,0.0,175.0,10.0,1.0,148.0,38.0,0.0,132.0,53.0,1.0,146.0,39.0,1.0,180.0,6.0,0.0,0.0,56.0,119.0,11.0,0.0,4.5,4.1,Acima da média
26046040,ESCOLA VIGARIO JOAO INACIO,11.0,1,01/02/2017,22/12/2017,2,2603,26007,26,2602803,260280305,2,1,,,,,,,,,,,1.0,1.0,1.0,0.0,0.0,1.0,1.0,0.0,0.0,0.0,,1.0,0.0,0.0,1.0,1.0,1.0,0.0,0.0,0.0,1.0,0.0,0.0,0.0,1.0,0.0,0.0,1.0,0.0,0.0,0.0,0.0,0.0,1.0,1.0,1.0,1.0,0.0,0.0,1.0,1.0,1.0,1.0,0.0,1.0,0.0,0.0,0.0,1.0,0.0,0.0,0.0,0.0,0.0,0.0,0.0,0.0,0.0,0.0,0.0,0.0,0.0,0.0,0.0,0.0,16.0,26.0,1.0,0.0,0.0,1.0,1.0,1.0,1.0,1.0,1.0,1.0,0.0,1.0,1.0,13.0,0.0,0.0,3.0,3.0,2.0,7.0,3.0,3.0,17.0,0.0,3.0,23.0,10.0,20.0,1.0,1.0,120.0,1.0,1.0,1.0,0.0,0.0,0.0,0.0,1.0,0.0,,,0.0,0.0,0.0,1.0,0.0,0.0,0.0,1.0,1.0,1.0,0.0,0.0,0.0,1.0,1.0,0.0,1.0,0.0,0.0,0.0,0.0,0.0,0.0,0.0,1.0,1.0,0.0,0.0,0.0,0.0,0.0,0.0,27.0,27.0,136.0,10.0,22.0,105.0,0.0,5.0,157.0,51.0,47.0,32.0,8.0,27.0,23.0,304.0,14.0,313.0,267.0,60.0,288.0,36.0,3.0,301.0,23.0,3.0,24.0,290.0,13.0,1.0,24.0,176.0,102.0,24.0,0.0,16.0,38.0,122.0,63.0,88.0,315.0,10.0,1.0,0.0,1.0,291.0,34.0,2.0,40.0,99.0,42.0,14.0,84.0,3.0,45.0,233.0,94.0,232.0,95.0,258.0,66.0,3.0,64.0,77.0,28.0,9.0,79.0,4.0,66.0,197.0,130.0,185.0,142.0,216.0,84.0,27.0,312.0,15.0,298.0,29.0,294.0,33.0,318.0,9.0,266.0,61.0,97.0,212.0,18.0,236.0,70.0,21.0,98.0,60.0,31.0,102.0,36.0,123.0,66.0,31.0,60.0,47.0,33.0,294.0,40.0,200.0,73.0,14.0,324.0,1.0,2.0,213.0,85.0,29.0,288.0,29.0,10.0,108.0,219.0,301.0,26.0,250.0,64.0,5.0,8.0,285.0,32.0,10.0,219.0,96.0,12.0,268.0,47.0,12.0,270.0,41.0,5.0,11.0,265.0,62.0,252.0,63.0,4.0,8.0,308.0,12.0,7.0,261.0,57.0,9.0,252.0,67.0,8.0,236.0,79.0,12.0,290.0,25.0,2.0,10.0,72.0,204.0,47.0,4.0,3.4,4.1,Abaixo da média
26185750,ESCOLA TECNICA ESTADUAL JORNALISTA CYL GALLINDO,11.0,1,01/02/2017,22/12/2017,2,2603,26007,26,2602803,260280305,2,1,,,,,,,,,,,1.0,1.0,1.0,0.0,0.0,0.0,0.0,0.0,0.0,0.0,,0.0,0.0,0.0,1.0,1.0,0.0,0.0,0.0,0.0,1.0,0.0,0.0,0.0,1.0,0.0,0.0,1.0,0.0,0.0,0.0,0.0,0.0,1.0,1.0,1.0,1.0,0.0,1.0,0.0,1.0,1.0,1.0,0.0,1.0,0.0,0.0,0.0,1.0,0.0,1.0,1.0,1.0,1.0,1.0,1.0,1.0,1.0,0.0,1.0,0.0,0.0,0.0,0.0,0.0,12.0,12.0,1.0,0.0,1.0,0.0,0.0,0.0,0.0,1.0,1.0,0.0,0.0,0.0,1.0,3.0,0.0,2.0,0.0,0.0,0.0,0.0,1.0,2.0,0.0,0.0,0.0,67.0,9.0,58.0,1.0,1.0,21.0,1.0,0.0,1.0,,0.0,0.0,0.0,1.0,0.0,,,0.0,0.0,0.0,1.0,0.0,0.0,0.0,1.0,0.0,1.0,0.0,0.0,0.0,0.0,0.0,1.0,0.0,0.0,0.0,0.0,0.0,0.0,0.0,0.0,0.0,0.0,0.0,0.0,0.0,0.0,0.0,0.0,,,,,,,,,,,,,,,,,,,,,,,,,,,,,,,,,,,,,,,,,,,,,,,,,,,,,,,,,,,,,,,,,,,,,,,,,,,,,,,,,,,,,,,,,,,,,,,,,,,,,,,,,,,,,,,,,,,,,,,,,,,,,,,,,,,,,,,,,,,,,,,,,,,,,,,,,,,,,,,,,,,,,,4.1,Média
26073498,ESCOLA DE REFERENCIA EM ENSINO MEDIO LUIZ PEREIRA JUNIOR,10.0,1,01/02/2017,22/12/2017,2,2603,26011,26,2603207,260320705,2,1,,,,,,,,,,,1.0,1.0,1.0,0.0,0.0,0.0,0.0,0.0,0.0,0.0,,1.0,0.0,0.0,0.0,1.0,0.0,1.0,0.0,0.0,1.0,0.0,0.0,0.0,0.0,1.0,0.0,1.0,0.0,0.0,0.0,0.0,0.0,1.0,1.0,1.0,1.0,0.0,0.0,0.0,0.0,1.0,1.0,0.0,1.0,0.0,0.0,0.0,1.0,0.0,1.0,0.0,0.0,0.0,0.0,0.0,0.0,0.0,0.0,0.0,0.0,0.0,0.0,0.0,0.0,8.0,23.0,0.0,0.0,0.0,0.0,0.0,0.0,0.0,0.0,0.0,0.0,0.0,0.0,1.0,0.0,0.0,0.0,0.0,0.0,0.0,0.0,0.0,0.0,0.0,0.0,0.0,13.0,3.0,10.0,1.0,0.0,50.0,1.0,0.0,0.0,,0.0,0.0,0.0,1.0,0.0,,,0.0,0.0,0.0,1.0,0.0,0.0,0.0,1.0,1.0,0.0,0.0,0.0,0.0,0.0,1.0,0.0,0.0,0.0,0.0,0.0,0.0,0.0,0.0,0.0,0.0,1.0,0.0,0.0,0.0,0.0,0.0,0.0,82.0,16.0,137.0,19.0,3.0,60.0,0.0,2.0,161.0,79.0,42.0,22.0,2.0,9.0,11.0,306.0,5.0,312.0,219.0,98.0,234.0,75.0,8.0,253.0,59.0,5.0,2.0,273.0,42.0,0.0,9.0,145.0,142.0,21.0,2.0,20.0,50.0,129.0,43.0,73.0,296.0,17.0,3.0,0.0,1.0,287.0,24.0,6.0,27.0,105.0,56.0,13.0,82.0,12.0,22.0,246.0,71.0,218.0,99.0,244.0,64.0,9.0,44.0,107.0,52.0,7.0,65.0,0.0,42.0,212.0,105.0,176.0,141.0,192.0,100.0,25.0,311.0,6.0,290.0,27.0,280.0,37.0,310.0,7.0,251.0,66.0,106.0,190.0,21.0,209.0,90.0,18.0,82.0,84.0,37.0,88.0,26.0,96.0,82.0,43.0,49.0,47.0,32.0,285.0,43.0,220.0,50.0,4.0,310.0,2.0,5.0,208.0,76.0,33.0,298.0,14.0,5.0,64.0,253.0,285.0,32.0,241.0,69.0,3.0,4.0,291.0,22.0,4.0,188.0,120.0,9.0,248.0,65.0,4.0,303.0,11.0,0.0,3.0,262.0,55.0,236.0,75.0,5.0,1.0,314.0,2.0,1.0,236.0,79.0,2.0,237.0,76.0,4.0,192.0,122.0,3.0,304.0,11.0,0.0,2.0,36.0,148.0,120.0,13.0,4.0,4.3,Abaixo da média
26074079,ESCOLA DE REFERENCIA EM ENSINO MEDIO AUGUSTA CORDEIRO DE MELO,10.0,1,01/02/2017,22/12/2017,2,2603,26011,26,2603306,260330605,2,1,,,,,,,,,,,1.0,1.0,1.0,0.0,0.0,0.0,0.0,0.0,0.0,0.0,,0.0,0.0,0.0,0.0,1.0,0.0,0.0,0.0,0.0,1.0,0.0,0.0,0.0,1.0,1.0,0.0,1.0,0.0,0.0,0.0,0.0,0.0,1.0,1.0,1.0,1.0,0.0,0.0,1.0,1.0,1.0,1.0,0.0,1.0,0.0,0.0,0.0,1.0,0.0,1.0,1.0,1.0,1.0,0.0,1.0,0.0,0.0,1.0,0.0,0.0,0.0,0.0,0.0,0.0,10.0,7.0,0.0,0.0,0.0,0.0,1.0,0.0,0.0,1.0,1.0,1.0,0.0,1.0,1.0,0.0,0.0,0.0,0.0,1.0,0.0,0.0,5.0,3.0,8.0,0.0,3.0,13.0,4.0,9.0,1.0,0.0,36.0,1.0,0.0,0.0,,0.0,0.0,0.0,1.0,0.0,,,0.0,0.0,0.0,1.0,0.0,0.0,0.0,1.0,1.0,0.0,0.0,0.0,0.0,0.0,1.0,0.0,0.0,0.0,0.0,0.0,0.0,0.0,0.0,0.0,0.0,1.0,0.0,0.0,0.0,0.0,0.0,0.0,13.0,6.0,43.0,1.0,2.0,14.0,0.0,4.0,45.0,18.0,8.0,3.0,0.0,1.0,1.0,78.0,0.0,79.0,55.0,24.0,58.0,21.0,0.0,60.0,17.0,2.0,0.0,68.0,11.0,1.0,0.0,33.0,38.0,7.0,1.0,5.0,17.0,35.0,13.0,8.0,74.0,4.0,1.0,0.0,0.0,73.0,6.0,0.0,1.0,16.0,14.0,8.0,30.0,4.0,6.0,72.0,7.0,64.0,15.0,60.0,18.0,1.0,2.0,23.0,11.0,7.0,23.0,3.0,10.0,56.0,23.0,43.0,36.0,53.0,22.0,4.0,79.0,0.0,71.0,8.0,70.0,9.0,76.0,3.0,58.0,21.0,28.0,46.0,5.0,53.0,24.0,2.0,12.0,20.0,11.0,33.0,3.0,31.0,24.0,8.0,8.0,8.0,4.0,75.0,35.0,39.0,4.0,1.0,78.0,0.0,1.0,55.0,18.0,6.0,75.0,3.0,1.0,10.0,69.0,60.0,19.0,61.0,15.0,2.0,1.0,69.0,7.0,3.0,39.0,38.0,2.0,62.0,15.0,2.0,71.0,7.0,1.0,0.0,59.0,20.0,60.0,16.0,3.0,0.0,77.0,2.0,0.0,71.0,8.0,0.0,57.0,22.0,0.0,54.0,24.0,1.0,69.0,10.0,0.0,0.0,17.0,52.0,10.0,0.0,4.1,4.3,Abaixo da média
26074311,ESCOLA DE REFERENCIA EM ENSINO MEDIO JERONIMO GUEIROS,10.0,1,01/02/2017,22/12/2017,2,2603,26011,26,2603702,260370205,2,1,,,,,,,,,,,1.0,1.0,1.0,0.0,0.0,0.0,0.0,0.0,0.0,0.0,,0.0,0.0,0.0,1.0,1.0,0.0,0.0,0.0,0.0,1.0,0.0,0.0,0.0,0.0,1.0,0.0,1.0,0.0,0.0,0.0,0.0,0.0,1.0,1.0,1.0,1.0,0.0,0.0,1.0,1.0,1.0,1.0,0.0,1.0,0.0,0.0,0.0,1.0,0.0,0.0,0.0,0.0,0.0,0.0,0.0,0.0,0.0,0.0,0.0,0.0,0.0,0.0,0.0,0.0,11.0,19.0,0.0,0.0,0.0,0.0,0.0,0.0,0.0,0.0,0.0,0.0,0.0,0.0,1.0,0.0,0.0,0.0,0.0,0.0,0.0,0.0,0.0,0.0,0.0,0.0,0.0,10.0,2.0,8.0,1.0,1.0,32.0,1.0,0.0,0.0,,0.0,0.0,0.0,1.0,0.0,,,0.0,0.0,0.0,1.0,0.0,0.0,0.0,1.0,0.0,0.0,0.0,0.0,0.0,0.0,1.0,0.0,0.0,0.0,0.0,0.0,0.0,0.0,0.0,0.0,0.0,0.0,0.0,0.0,0.0,0.0,0.0,0.0,23.0,3.0,71.0,4.0,0.0,21.0,0.0,3.0,60.0,38.0,17.0,4.0,0.0,0.0,2.0,120.0,8.0,114.0,92.0,30.0,93.0,24.0,5.0,99.0,22.0,1.0,1.0,99.0,22.0,1.0,2.0,60.0,52.0,7.0,0.0,7.0,20.0,45.0,32.0,18.0,118.0,4.0,0.0,0.0,0.0,109.0,8.0,5.0,8.0,35.0,21.0,7.0,38.0,2.0,11.0,105.0,17.0,92.0,30.0,89.0,26.0,7.0,14.0,36.0,14.0,7.0,21.0,2.0,28.0,86.0,36.0,65.0,57.0,107.0,10.0,5.0,120.0,2.0,115.0,7.0,107.0,15.0,120.0,2.0,96.0,26.0,35.0,79.0,8.0,86.0,32.0,4.0,37.0,36.0,13.0,33.0,3.0,46.0,32.0,12.0,12.0,20.0,6.0,116.0,12.0,82.0,26.0,2.0,118.0,1.0,3.0,85.0,29.0,8.0,117.0,5.0,0.0,13.0,109.0,113.0,9.0,89.0,28.0,3.0,2.0,117.0,3.0,2.0,84.0,37.0,1.0,107.0,15.0,0.0,120.0,0.0,0.0,2.0,72.0,50.0,70.0,39.0,7.0,6.0,109.0,8.0,5.0,90.0,26.0,6.0,95.0,21.0,6.0,75.0,40.0,7.0,95.0,14.0,4.0,9.0,27.0,76.0,19.0,0.0,4.0,4.3,Abaixo da média
26074362,ESCOLA PE ANTONIO CALLOU DE ALENCAR,10.0,1,01/02/2017,22/12/2017,2,2603,26011,26,2603702,260370205,2,1,,,,,,,,,,,1.0,1.0,1.0,0.0,0.0,0.0,0.0,0.0,0.0,0.0,,0.0,1.0,0.0,1.0,1.0,0.0,0.0,0.0,0.0,1.0,0.0,0.0,0.0,1.0,0.0,0.0,1.0,0.0,0.0,0.0,0.0,0.0,1.0,1.0,1.0,0.0,1.0,0.0,1.0,1.0,1.0,1.0,0.0,1.0,0.0,0.0,0.0,1.0,0.0,1.0,0.0,1.0,0.0,1.0,1.0,0.0,0.0,0.0,0.0,0.0,0.0,0.0,0.0,0.0,5.0,5.0,1.0,0.0,1.0,1.0,0.0,0.0,0.0,1.0,1.0,1.0,1.0,1.0,1.0,4.0,0.0,2.0,1.0,0.0,0.0,0.0,6.0,3.0,6.0,1.0,3.0,9.0,5.0,8.0,1.0,1.0,32.0,1.0,1.0,1.0,0.0,0.0,0.0,0.0,1.0,0.0,,,0.0,1.0,0.0,1.0,0.0,0.0,0.0,1.0,1.0,0.0,0.0,0.0,0.0,1.0,1.0,0.0,0.0,0.0,0.0,0.0,0.0,0.0,0.0,0.0,0.0,1.0,0.0,0.0,0.0,0.0,0.0,0.0,,,,,,,,,,,,,,,,,,,,,,,,,,,,,,,,,,,,,,,,,,,,,,,,,,,,,,,,,,,,,,,,,,,,,,,,,,,,,,,,,,,,,,,,,,,,,,,,,,,,,,,,,,,,,,,,,,,,,,,,,,,,,,,,,,,,,,,,,,,,,,,,,,,,,,,,,,,,,,,,,,,,,,4.3,Média
26053608,ESCOLA DE REFERENCIA EM ENSINO MEDIO NOSSA SENHORA DO PERPETUO SOCORRO,10.0,1,01/02/2017,22/12/2017,2,2603,26008,26,2603801,260380105,2,1,,,,,,,,,,,1.0,1.0,2.0,0.0,0.0,0.0,0.0,0.0,0.0,0.0,,0.0,0.0,0.0,1.0,1.0,0.0,1.0,0.0,0.0,1.0,0.0,0.0,0.0,1.0,0.0,0.0,1.0,0.0,0.0,0.0,0.0,0.0,1.0,1.0,1.0,0.0,0.0,0.0,0.0,0.0,1.0,1.0,1.0,1.0,0.0,0.0,1.0,1.0,0.0,0.0,0.0,0.0,0.0,0.0,0.0,0.0,0.0,0.0,0.0,0.0,0.0,0.0,0.0,0.0,33.0,36.0,0.0,0.0,0.0,0.0,0.0,0.0,0.0,0.0,0.0,0.0,0.0,0.0,1.0,0.0,0.0,0.0,0.0,0.0,0.0,0.0,0.0,0.0,0.0,0.0,0.0,13.0,2.0,10.0,1.0,0.0,51.0,1.0,0.0,0.0,,0.0,0.0,0.0,1.0,0.0,,,0.0,0.0,0.0,1.0,0.0,0.0,0.0,1.0,1.0,0.0,0.0,0.0,0.0,0.0,1.0,0.0,0.0,0.0,0.0,0.0,0.0,0.0,0.0,0.0,0.0,1.0,0.0,0.0,0.0,0.0,0.0,0.0,79.0,12.0,63.0,11.0,2.0,38.0,1.0,22.0,115.0,38.0,13.0,10.0,2.0,4.0,5.0,200.0,3.0,202.0,140.0,65.0,144.0,54.0,7.0,155.0,43.0,7.0,2.0,170.0,33.0,0.0,8.0,93.0,88.0,16.0,1.0,7.0,35.0,84.0,38.0,40.0,188.0,15.0,1.0,0.0,1.0,188.0,11.0,6.0,17.0,53.0,28.0,17.0,66.0,11.0,13.0,173.0,32.0,146.0,59.0,159.0,41.0,5.0,25.0,62.0,23.0,10.0,53.0,5.0,27.0,148.0,57.0,106.0,99.0,103.0,76.0,26.0,204.0,1.0,188.0,17.0,172.0,33.0,203.0,2.0,154.0,51.0,68.0,121.0,16.0,151.0,50.0,4.0,44.0,44.0,33.0,69.0,15.0,74.0,47.0,23.0,28.0,33.0,22.0,183.0,40.0,122.0,38.0,5.0,201.0,0.0,4.0,144.0,52.0,9.0,190.0,13.0,2.0,38.0,167.0,179.0,26.0,141.0,55.0,8.0,1.0,180.0,18.0,7.0,136.0,63.0,6.0,176.0,25.0,4.0,166.0,32.0,5.0,2.0,139.0,66.0,128.0,57.0,17.0,3.0,196.0,6.0,3.0,172.0,30.0,3.0,140.0,62.0,3.0,143.0,58.0,4.0,186.0,14.0,2.0,3.0,70.0,113.0,21.0,1.0,4.1,4.4,Abaixo da média
26074907,ESCOLA DE REFERENCIA EM ENSINO MEDIO AUGUSTO LUCIO DA SILVA,10.0,1,01/02/2017,22/12/2017,2,2603,26011,26,2604700,260470005,2,1,,,,,,,,,,,1.0,1.0,1.0,0.0,0.0,0.0,0.0,0.0,0.0,0.0,,0.0,0.0,0.0,1.0,1.0,0.0,0.0,0.0,0.0,1.0,0.0,0.0,0.0,1.0,1.0,0.0,1.0,1.0,1.0,0.0,0.0,0.0,1.0,1.0,1.0,0.0,0.0,0.0,1.0,1.0,1.0,1.0,0.0,1.0,0.0,0.0,0.0,1.0,0.0,0.0,0.0,0.0,0.0,0.0,0.0,0.0,0.0,0.0,0.0,0.0,0.0,0.0,0.0,0.0,10.0,14.0,0.0,0.0,0.0,0.0,0.0,0.0,0.0,0.0,0.0,0.0,0.0,0.0,1.0,0.0,0.0,0.0,0.0,0.0,0.0,0.0,0.0,0.0,0.0,0.0,0.0,20.0,5.0,15.0,1.0,1.0,30.0,1.0,0.0,0.0,,0.0,0.0,0.0,1.0,0.0,,,0.0,0.0,0.0,1.0,0.0,0.0,0.0,1.0,0.0,0.0,0.0,0.0,0.0,0.0,1.0,0.0,0.0,0.0,0.0,0.0,0.0,0.0,0.0,0.0,0.0,0.0,0.0,0.0,0.0,0.0,0.0,0.0,11.0,7.0,28.0,2.0,2.0,9.0,0.0,4.0,29.0,19.0,5.0,1.0,1.0,0.0,0.0,59.0,1.0,58.0,44.0,15.0,50.0,9.0,0.0,42.0,17.0,0.0,1.0,46.0,12.0,0.0,1.0,30.0,19.0,9.0,0.0,2.0,7.0,23.0,17.0,10.0,55.0,4.0,0.0,0.0,0.0,51.0,3.0,5.0,1.0,10.0,16.0,4.0,20.0,7.0,1.0,56.0,3.0,46.0,13.0,42.0,16.0,1.0,2.0,18.0,11.0,3.0,15.0,1.0,9.0,51.0,8.0,26.0,33.0,44.0,15.0,0.0,59.0,0.0,53.0,6.0,50.0,9.0,58.0,1.0,50.0,9.0,28.0,29.0,2.0,40.0,15.0,4.0,19.0,14.0,5.0,18.0,3.0,27.0,11.0,3.0,4.0,14.0,4.0,55.0,18.0,25.0,16.0,0.0,54.0,0.0,5.0,40.0,17.0,2.0,59.0,0.0,0.0,3.0,56.0,51.0,8.0,37.0,19.0,1.0,2.0,52.0,3.0,4.0,38.0,18.0,3.0,51.0,6.0,2.0,56.0,1.0,0.0,2.0,47.0,12.0,46.0,11.0,1.0,1.0,56.0,1.0,2.0,54.0,2.0,3.0,43.0,14.0,2.0,44.0,12.0,3.0,58.0,0.0,0.0,1.0,12.0,36.0,10.0,1.0,5.1,4.3,Acima da média
26074923,ESCOLA PROFESSORA CLARICE GODOY,10.0,1,02/02/2017,22/12/2017,2,2603,26011,26,2604700,260470005,2,1,,,,,,,,,,,1.0,1.0,1.0,0.0,0.0,0.0,0.0,0.0,0.0,0.0,,1.0,0.0,0.0,1.0,1.0,0.0,0.0,0.0,0.0,1.0,0.0,0.0,0.0,0.0,1.0,0.0,1.0,0.0,0.0,0.0,0.0,0.0,1.0,1.0,1.0,0.0,0.0,0.0,0.0,0.0,1.0,1.0,0.0,1.0,0.0,0.0,0.0,1.0,0.0,1.0,0.0,0.0,0.0,0.0,0.0,0.0,0.0,0.0,0.0,0.0,0.0,0.0,0.0,0.0,7.0,7.0,0.0,0.0,0.0,0.0,0.0,0.0,0.0,0.0,0.0,0.0,0.0,0.0,1.0,0.0,0.0,0.0,0.0,0.0,0.0,0.0,0.0,0.0,0.0,0.0,0.0,10.0,2.0,8.0,1.0,1.0,29.0,1.0,0.0,0.0,,0.0,0.0,0.0,1.0,0.0,,,0.0,0.0,0.0,1.0,0.0,0.0,0.0,1.0,1.0,0.0,0.0,0.0,0.0,0.0,1.0,0.0,0.0,0.0,0.0,0.0,0.0,0.0,0.0,0.0,0.0,1.0,0.0,0.0,0.0,0.0,0.0,0.0,6.0,1.0,27.0,1.0,1.0,9.0,0.0,1.0,18.0,19.0,4.0,1.0,0.0,2.0,1.0,44.0,1.0,44.0,34.0,11.0,41.0,3.0,1.0,39.0,5.0,1.0,0.0,40.0,5.0,1.0,0.0,21.0,19.0,4.0,0.0,1.0,10.0,16.0,14.0,4.0,43.0,2.0,0.0,0.0,0.0,39.0,4.0,2.0,6.0,8.0,7.0,5.0,15.0,1.0,3.0,37.0,8.0,32.0,13.0,28.0,14.0,3.0,4.0,10.0,7.0,4.0,11.0,1.0,8.0,33.0,12.0,29.0,16.0,29.0,13.0,3.0,45.0,0.0,41.0,4.0,41.0,4.0,43.0,2.0,37.0,8.0,15.0,29.0,1.0,33.0,12.0,0.0,9.0,9.0,6.0,13.0,8.0,13.0,8.0,7.0,10.0,7.0,2.0,43.0,10.0,23.0,12.0,0.0,44.0,1.0,0.0,24.0,20.0,1.0,40.0,4.0,1.0,6.0,39.0,32.0,13.0,28.0,17.0,0.0,0.0,44.0,1.0,0.0,25.0,20.0,0.0,36.0,9.0,0.0,34.0,10.0,1.0,0.0,37.0,8.0,39.0,6.0,0.0,0.0,45.0,0.0,0.0,40.0,5.0,0.0,31.0,14.0,0.0,27.0,18.0,0.0,44.0,1.0,0.0,0.0,4.0,35.0,6.0,0.0,3.5,4.3,Abaixo da média
26075385,ESCOLA DE REFERENCIA EM ENSINO MEDIO FRANCISCO MADEIROS,10.0,1,01/02/2017,22/12/2017,2,2603,26011,26,2606002,260600205,2,1,,,,,,,,,,,1.0,1.0,1.0,0.0,0.0,0.0,0.0,0.0,0.0,0.0,,0.0,0.0,0.0,1.0,1.0,0.0,0.0,0.0,0.0,1.0,0.0,0.0,0.0,0.0,1.0,0.0,1.0,0.0,0.0,0.0,0.0,0.0,1.0,1.0,1.0,1.0,0.0,0.0,1.0,1.0,1.0,1.0,0.0,1.0,0.0,0.0,0.0,1.0,0.0,1.0,0.0,0.0,0.0,0.0,0.0,0.0,0.0,0.0,0.0,0.0,0.0,0.0,0.0,0.0,23.0,21.0,1.0,0.0,1.0,0.0,1.0,0.0,1.0,0.0,1.0,1.0,0.0,0.0,1.0,5.0,0.0,3.0,0.0,2.0,0.0,4.0,0.0,2.0,25.0,0.0,0.0,28.0,7.0,21.0,1.0,1.0,54.0,1.0,0.0,0.0,,0.0,0.0,0.0,1.0,0.0,,,0.0,0.0,0.0,1.0,0.0,0.0,0.0,1.0,1.0,0.0,0.0,0.0,0.0,0.0,1.0,0.0,0.0,0.0,0.0,0.0,0.0,0.0,0.0,0.0,0.0,1.0,0.0,0.0,0.0,0.0,0.0,0.0,16.0,4.0,42.0,7.0,2.0,22.0,0.0,5.0,56.0,23.0,4.0,3.0,1.0,1.0,1.0,92.0,1.0,92.0,56.0,37.0,77.0,15.0,1.0,63.0,28.0,2.0,0.0,79.0,14.0,0.0,2.0,54.0,31.0,6.0,0.0,5.0,14.0,41.0,17.0,16.0,79.0,8.0,5.0,1.0,0.0,91.0,1.0,1.0,5.0,12.0,17.0,8.0,45.0,1.0,5.0,83.0,10.0,78.0,15.0,60.0,29.0,4.0,7.0,16.0,15.0,10.0,27.0,2.0,16.0,73.0,20.0,54.0,39.0,54.0,34.0,5.0,92.0,1.0,88.0,5.0,83.0,10.0,93.0,0.0,67.0,26.0,29.0,49.0,15.0,71.0,20.0,2.0,12.0,25.0,16.0,40.0,0.0,47.0,27.0,7.0,5.0,7.0,9.0,84.0,33.0,43.0,17.0,0.0,86.0,2.0,5.0,72.0,16.0,5.0,91.0,2.0,0.0,12.0,81.0,85.0,8.0,57.0,33.0,2.0,1.0,75.0,14.0,4.0,56.0,36.0,1.0,81.0,11.0,1.0,88.0,4.0,0.0,1.0,66.0,27.0,57.0,31.0,4.0,1.0,87.0,3.0,3.0,58.0,31.0,4.0,62.0,27.0,4.0,70.0,18.0,5.0,83.0,7.0,0.0,3.0,10.0,59.0,24.0,0.0,4.0,4.3,Abaixo da média
26075687,ESCOLA DE REFERENCIA EM ENSINO MEDIO DOM JOAO DA MATA AMARAL,10.0,1,01/02/2017,22/12/2017,2,2603,26011,26,2606002,260600205,2,1,,,,,,,,,,,1.0,1.0,1.0,0.0,0.0,0.0,0.0,0.0,0.0,0.0,,0.0,0.0,0.0,1.0,1.0,0.0,0.0,0.0,0.0,1.0,0.0,0.0,0.0,0.0,1.0,0.0,1.0,0.0,0.0,0.0,0.0,0.0,0.0,1.0,1.0,0.0,0.0,0.0,1.0,1.0,1.0,1.0,0.0,1.0,0.0,0.0,0.0,1.0,0.0,1.0,0.0,0.0,0.0,0.0,0.0,0.0,0.0,0.0,0.0,0.0,0.0,0.0,0.0,0.0,15.0,15.0,0.0,0.0,0.0,0.0,0.0,0.0,0.0,0.0,0.0,0.0,0.0,0.0,1.0,0.0,0.0,0.0,0.0,0.0,0.0,0.0,0.0,0.0,0.0,0.0,0.0,18.0,5.0,13.0,1.0,1.0,64.0,1.0,0.0,0.0,,0.0,0.0,0.0,1.0,0.0,,,0.0,0.0,0.0,1.0,0.0,0.0,0.0,1.0,1.0,0.0,0.0,0.0,0.0,0.0,1.0,0.0,0.0,0.0,0.0,0.0,0.0,0.0,0.0,0.0,0.0,1.0,0.0,0.0,0.0,0.0,0.0,0.0,35.0,25.0,99.0,15.0,3.0,24.0,0.0,8.0,91.0,74.0,22.0,5.0,0.0,1.0,2.0,199.0,2.0,199.0,102.0,99.0,133.0,64.0,4.0,106.0,84.0,11.0,0.0,145.0,56.0,0.0,2.0,109.0,78.0,12.0,0.0,12.0,31.0,78.0,53.0,27.0,182.0,13.0,5.0,1.0,0.0,178.0,16.0,7.0,3.0,43.0,27.0,27.0,76.0,14.0,11.0,183.0,18.0,167.0,34.0,128.0,62.0,11.0,9.0,40.0,31.0,26.0,52.0,14.0,29.0,167.0,34.0,124.0,77.0,91.0,91.0,19.0,198.0,3.0,193.0,8.0,177.0,24.0,201.0,0.0,147.0,54.0,52.0,123.0,26.0,162.0,35.0,4.0,23.0,49.0,37.0,89.0,3.0,69.0,57.0,24.0,19.0,32.0,20.0,181.0,52.0,114.0,33.0,2.0,184.0,4.0,13.0,134.0,59.0,8.0,194.0,6.0,1.0,18.0,183.0,168.0,33.0,140.0,54.0,0.0,7.0,156.0,34.0,11.0,106.0,84.0,11.0,182.0,12.0,7.0,174.0,17.0,3.0,7.0,134.0,67.0,129.0,66.0,4.0,2.0,184.0,14.0,3.0,144.0,55.0,2.0,144.0,56.0,1.0,175.0,25.0,1.0,196.0,2.0,1.0,2.0,24.0,127.0,49.0,1.0,4.1,4.3,Abaixo da média
26075733,ESCOLA DUQUE DE CAXIAS,10.0,1,01/02/2017,22/12/2017,2,2603,26011,26,2606002,260600205,2,1,,,,,,,,,,,1.0,1.0,1.0,0.0,0.0,0.0,0.0,0.0,0.0,0.0,,1.0,0.0,0.0,1.0,1.0,0.0,0.0,0.0,0.0,1.0,0.0,0.0,0.0,1.0,0.0,0.0,1.0,0.0,0.0,0.0,0.0,0.0,0.0,0.0,0.0,0.0,0.0,0.0,1.0,1.0,0.0,0.0,0.0,0.0,0.0,0.0,0.0,0.0,0.0,0.0,0.0,0.0,0.0,0.0,0.0,0.0,0.0,0.0,0.0,0.0,0.0,0.0,0.0,0.0,14.0,14.0,1.0,0.0,0.0,1.0,0.0,0.0,1.0,0.0,1.0,1.0,0.0,1.0,1.0,3.0,0.0,0.0,1.0,0.0,0.0,3.0,0.0,2.0,8.0,0.0,3.0,11.0,1.0,10.0,1.0,1.0,23.0,1.0,0.0,1.0,1.0,0.0,0.0,0.0,1.0,0.0,,,0.0,0.0,0.0,1.0,0.0,0.0,0.0,1.0,0.0,0.0,0.0,0.0,0.0,1.0,1.0,0.0,0.0,0.0,0.0,0.0,0.0,0.0,0.0,0.0,0.0,0.0,0.0,0.0,0.0,0.0,0.0,0.0,,,,,,,,,,,,,,,,,,,,,,,,,,,,,,,,,,,,,,,,,,,,,,,,,,,,,,,,,,,,,,,,,,,,,,,,,,,,,,,,,,,,,,,,,,,,,,,,,,,,,,,,,,,,,,,,,,,,,,,,,,,,,,,,,,,,,,,,,,,,,,,,,,,,,,,,,,,,,,,,,,,,,,4.3,Média
26075768,ESCOLA HENRIQUE DIAS,10.0,1,01/02/2017,22/12/2017,2,2603,26011,26,2606002,260600205,2,1,,,,,,,,,,,1.0,1.0,1.0,0.0,0.0,0.0,0.0,0.0,0.0,0.0,,0.0,0.0,0.0,1.0,1.0,0.0,0.0,0.0,0.0,1.0,0.0,0.0,0.0,0.0,1.0,0.0,1.0,0.0,0.0,0.0,0.0,0.0,1.0,1.0,1.0,0.0,1.0,0.0,1.0,1.0,1.0,1.0,0.0,1.0,0.0,0.0,0.0,1.0,0.0,1.0,0.0,1.0,1.0,1.0,0.0,0.0,0.0,1.0,0.0,0.0,0.0,0.0,0.0,0.0,9.0,9.0,0.0,0.0,0.0,0.0,1.0,1.0,0.0,0.0,0.0,1.0,0.0,0.0,1.0,0.0,0.0,0.0,0.0,1.0,2.0,0.0,0.0,0.0,6.0,0.0,0.0,11.0,1.0,8.0,1.0,1.0,38.0,1.0,1.0,0.0,,0.0,0.0,0.0,1.0,0.0,,,0.0,0.0,0.0,1.0,0.0,0.0,0.0,1.0,1.0,0.0,0.0,0.0,0.0,0.0,1.0,0.0,0.0,0.0,0.0,0.0,0.0,0.0,0.0,0.0,0.0,1.0,0.0,0.0,0.0,0.0,0.0,0.0,,,,,,,,,,,,,,,,,,,,,,,,,,,,,,,,,,,,,,,,,,,,,,,,,,,,,,,,,,,,,,,,,,,,,,,,,,,,,,,,,,,,,,,,,,,,,,,,,,,,,,,,,,,,,,,,,,,,,,,,,,,,,,,,,,,,,,,,,,,,,,,,,,,,,,,,,,,,,,,,,,,,,,4.3,Média
26075903,ESCOLA DE REFERENCIA EM ENSINO MEDIO PROFESSOR JERONIMO GUEIROS,10.0,1,01/02/2017,22/12/2017,2,2603,26011,26,2606002,260600205,2,1,,,,,,,,,,,1.0,1.0,1.0,0.0,0.0,0.0,0.0,0.0,0.0,0.0,,0.0,0.0,0.0,0.0,1.0,0.0,0.0,0.0,0.0,1.0,0.0,0.0,0.0,1.0,1.0,0.0,1.0,0.0,0.0,0.0,0.0,0.0,1.0,1.0,1.0,1.0,0.0,1.0,0.0,1.0,1.0,1.0,0.0,1.0,0.0,0.0,0.0,1.0,0.0,0.0,0.0,1.0,0.0,0.0,0.0,0.0,0.0,0.0,0.0,0.0,0.0,0.0,0.0,0.0,13.0,13.0,0.0,0.0,0.0,0.0,0.0,0.0,1.0,0.0,0.0,0.0,0.0,0.0,1.0,0.0,0.0,0.0,0.0,0.0,0.0,2.0,0.0,0.0,0.0,0.0,0.0,17.0,1.0,14.0,1.0,0.0,25.0,1.0,0.0,0.0,,0.0,0.0,0.0,1.0,0.0,,,0.0,0.0,0.0,1.0,0.0,0.0,0.0,1.0,0.0,0.0,0.0,0.0,0.0,0.0,1.0,0.0,0.0,0.0,0.0,0.0,0.0,0.0,0.0,0.0,0.0,0.0,0.0,0.0,0.0,0.0,0.0,0.0,27.0,13.0,30.0,4.0,2.0,12.0,0.0,7.0,42.0,30.0,3.0,5.0,0.0,1.0,2.0,86.0,2.0,86.0,43.0,45.0,49.0,34.0,5.0,47.0,29.0,12.0,0.0,58.0,30.0,0.0,1.0,45.0,31.0,11.0,1.0,6.0,20.0,38.0,13.0,10.0,79.0,7.0,1.0,1.0,0.0,79.0,4.0,5.0,1.0,9.0,14.0,14.0,37.0,6.0,7.0,84.0,4.0,64.0,24.0,54.0,32.0,2.0,3.0,10.0,14.0,8.0,33.0,6.0,14.0,77.0,11.0,51.0,37.0,36.0,40.0,12.0,87.0,1.0,79.0,9.0,72.0,16.0,86.0,2.0,60.0,28.0,28.0,48.0,12.0,70.0,16.0,2.0,9.0,22.0,15.0,39.0,3.0,40.0,23.0,4.0,4.0,17.0,5.0,83.0,25.0,51.0,11.0,1.0,75.0,1.0,12.0,66.0,18.0,4.0,85.0,2.0,1.0,10.0,78.0,70.0,18.0,43.0,33.0,6.0,6.0,76.0,9.0,3.0,57.0,27.0,4.0,82.0,2.0,4.0,74.0,9.0,0.0,5.0,51.0,37.0,35.0,36.0,9.0,8.0,76.0,7.0,5.0,70.0,14.0,4.0,44.0,38.0,6.0,77.0,6.0,5.0,60.0,19.0,1.0,8.0,23.0,51.0,14.0,0.0,4.5,4.3,Acima da média
26075911,ESCOLA PROFESSORA ELISA COELHO,10.0,1,01/02/2017,22/12/2017,2,2603,26011,26,2606002,260600205,2,1,,,,,,,,,,,1.0,1.0,1.0,0.0,0.0,0.0,0.0,0.0,0.0,0.0,,0.0,0.0,0.0,0.0,1.0,0.0,0.0,0.0,0.0,1.0,0.0,0.0,0.0,0.0,1.0,0.0,1.0,0.0,0.0,0.0,0.0,0.0,0.0,1.0,1.0,0.0,0.0,0.0,0.0,0.0,1.0,1.0,0.0,1.0,0.0,0.0,0.0,1.0,0.0,0.0,0.0,0.0,0.0,0.0,0.0,0.0,0.0,0.0,0.0,0.0,0.0,0.0,0.0,0.0,11.0,11.0,0.0,0.0,0.0,0.0,0.0,0.0,0.0,0.0,0.0,0.0,0.0,0.0,1.0,0.0,0.0,0.0,0.0,0.0,0.0,0.0,0.0,0.0,0.0,0.0,0.0,14.0,4.0,10.0,1.0,1.0,60.0,1.0,0.0,1.0,1.0,0.0,0.0,0.0,1.0,0.0,,,0.0,0.0,0.0,1.0,0.0,0.0,0.0,1.0,1.0,0.0,0.0,0.0,0.0,1.0,1.0,0.0,0.0,0.0,0.0,0.0,0.0,0.0,0.0,0.0,0.0,1.0,0.0,0.0,0.0,0.0,0.0,0.0,,,,,,,,,,,,,,,,,,,,,,,,,,,,,,,,,,,,,,,,,,,,,,,,,,,,,,,,,,,,,,,,,,,,,,,,,,,,,,,,,,,,,,,,,,,,,,,,,,,,,,,,,,,,,,,,,,,,,,,,,,,,,,,,,,,,,,,,,,,,,,,,,,,,,,,,,,,,,,,,,,,,,,4.3,Média
26075920,ESCOLA PROFESSORA ELVIRA VIANA,10.0,1,01/02/2017,22/12/2017,2,2603,26011,26,2606002,260600205,2,1,,,,,,,,,,,1.0,1.0,1.0,0.0,0.0,0.0,0.0,0.0,0.0,0.0,,0.0,0.0,0.0,0.0,1.0,0.0,0.0,0.0,0.0,1.0,0.0,0.0,0.0,1.0,1.0,0.0,1.0,0.0,0.0,0.0,0.0,0.0,1.0,1.0,1.0,0.0,0.0,0.0,1.0,1.0,1.0,0.0,0.0,0.0,0.0,0.0,0.0,1.0,0.0,0.0,0.0,0.0,0.0,0.0,0.0,0.0,0.0,0.0,0.0,0.0,0.0,0.0,0.0,0.0,8.0,13.0,0.0,0.0,0.0,0.0,0.0,0.0,0.0,0.0,0.0,0.0,0.0,0.0,1.0,0.0,0.0,0.0,0.0,0.0,0.0,0.0,0.0,0.0,0.0,0.0,0.0,15.0,2.0,13.0,1.0,1.0,32.0,1.0,0.0,0.0,0.0,0.0,0.0,0.0,1.0,0.0,,,0.0,0.0,0.0,1.0,0.0,0.0,0.0,1.0,1.0,0.0,0.0,0.0,0.0,1.0,1.0,0.0,0.0,0.0,0.0,0.0,0.0,0.0,0.0,0.0,0.0,1.0,0.0,0.0,0.0,0.0,0.0,0.0,,,,,,,,,,,,,,,,,,,,,,,,,,,,,,,,,,,,,,,,,,,,,,,,,,,,,,,,,,,,,,,,,,,,,,,,,,,,,,,,,,,,,,,,,,,,,,,,,,,,,,,,,,,,,,,,,,,,,,,,,,,,,,,,,,,,,,,,,,,,,,,,,,,,,,,,,,,,,,,,,,,,,,4.3,Média
26075970,ESCOLA SAO CRISTOVAO,10.0,1,01/02/2017,22/12/2017,2,2603,26011,26,2606002,260600205,2,1,,,,,,,,,,,1.0,1.0,1.0,0.0,0.0,0.0,0.0,0.0,0.0,0.0,,0.0,0.0,0.0,1.0,1.0,0.0,0.0,0.0,0.0,1.0,0.0,0.0,0.0,0.0,1.0,0.0,1.0,0.0,0.0,0.0,0.0,0.0,1.0,1.0,1.0,0.0,0.0,0.0,0.0,0.0,1.0,0.0,0.0,0.0,0.0,0.0,0.0,1.0,0.0,0.0,0.0,0.0,0.0,0.0,0.0,0.0,0.0,0.0,0.0,0.0,0.0,0.0,0.0,0.0,8.0,8.0,1.0,0.0,0.0,1.0,1.0,0.0,1.0,0.0,1.0,1.0,0.0,1.0,1.0,3.0,0.0,0.0,1.0,4.0,0.0,4.0,0.0,3.0,4.0,0.0,1.0,10.0,2.0,8.0,1.0,0.0,34.0,1.0,0.0,0.0,1.0,0.0,0.0,0.0,1.0,0.0,,,0.0,1.0,0.0,1.0,0.0,0.0,0.0,1.0,1.0,0.0,0.0,0.0,0.0,1.0,1.0,0.0,0.0,0.0,0.0,0.0,0.0,0.0,0.0,0.0,1.0,1.0,0.0,0.0,0.0,0.0,0.0,0.0,3.0,1.0,14.0,1.0,0.0,3.0,0.0,0.0,10.0,7.0,3.0,0.0,2.0,0.0,0.0,22.0,1.0,21.0,14.0,8.0,19.0,3.0,0.0,19.0,3.0,0.0,0.0,20.0,2.0,0.0,2.0,14.0,4.0,2.0,1.0,3.0,5.0,8.0,2.0,3.0,20.0,1.0,1.0,0.0,0.0,18.0,3.0,1.0,1.0,2.0,9.0,4.0,4.0,0.0,2.0,20.0,2.0,17.0,5.0,15.0,7.0,0.0,3.0,7.0,6.0,2.0,2.0,0.0,2.0,16.0,6.0,11.0,11.0,13.0,4.0,5.0,22.0,0.0,21.0,1.0,19.0,3.0,22.0,0.0,14.0,8.0,7.0,14.0,1.0,20.0,2.0,0.0,5.0,3.0,4.0,9.0,1.0,8.0,8.0,0.0,2.0,4.0,2.0,20.0,4.0,15.0,3.0,0.0,22.0,0.0,0.0,13.0,7.0,2.0,22.0,0.0,0.0,4.0,18.0,20.0,2.0,12.0,9.0,1.0,0.0,21.0,1.0,0.0,8.0,13.0,1.0,19.0,3.0,0.0,19.0,3.0,0.0,0.0,16.0,6.0,7.0,11.0,2.0,2.0,18.0,2.0,2.0,16.0,4.0,2.0,12.0,7.0,3.0,14.0,5.0,3.0,19.0,0.0,1.0,2.0,2.0,18.0,2.0,0.0,3.7,4.3,Abaixo da média
26075997,ESCOLA SENADOR ADERBAL JUREMA - GARANHUNS,10.0,1,01/02/2017,22/12/2017,2,2603,26011,26,2606002,260600205,2,1,,,,,,,,,,,1.0,1.0,1.0,0.0,0.0,0.0,0.0,0.0,0.0,0.0,,0.0,0.0,0.0,1.0,1.0,0.0,0.0,0.0,0.0,1.0,0.0,0.0,0.0,0.0,1.0,0.0,1.0,0.0,0.0,0.0,0.0,0.0,1.0,1.0,0.0,0.0,1.0,0.0,0.0,0.0,1.0,1.0,0.0,1.0,0.0,0.0,0.0,1.0,0.0,1.0,1.0,1.0,1.0,0.0,1.0,0.0,0.0,0.0,1.0,0.0,0.0,0.0,0.0,0.0,10.0,10.0,1.0,1.0,1.0,1.0,1.0,1.0,1.0,0.0,1.0,1.0,0.0,1.0,1.0,4.0,2.0,3.0,1.0,2.0,2.0,2.0,0.0,2.0,8.0,0.0,2.0,2.0,2.0,0.0,1.0,1.0,42.0,1.0,0.0,0.0,1.0,0.0,0.0,0.0,1.0,0.0,,,0.0,1.0,0.0,1.0,0.0,0.0,0.0,1.0,1.0,0.0,0.0,0.0,0.0,1.0,1.0,0.0,0.0,0.0,0.0,0.0,0.0,0.0,0.0,0.0,1.0,1.0,0.0,0.0,0.0,0.0,0.0,0.0,,,,,,,,,,,,,,,,,,,,,,,,,,,,,,,,,,,,,,,,,,,,,,,,,,,,,,,,,,,,,,,,,,,,,,,,,,,,,,,,,,,,,,,,,,,,,,,,,,,,,,,,,,,,,,,,,,,,,,,,,,,,,,,,,,,,,,,,,,,,,,,,,,,,,,,,,,,,,,,,,,,,,,4.3,Média
26076047,ESCOLA SIMOA GOMES,10.0,1,01/02/2017,22/12/2017,2,2603,26011,26,2606002,260600205,2,1,,,,,,,,,,,1.0,1.0,1.0,0.0,0.0,0.0,0.0,0.0,0.0,0.0,,0.0,0.0,0.0,1.0,1.0,0.0,0.0,0.0,0.0,1.0,0.0,0.0,0.0,1.0,1.0,0.0,1.0,1.0,0.0,0.0,0.0,0.0,1.0,1.0,1.0,0.0,0.0,0.0,0.0,0.0,1.0,1.0,0.0,1.0,0.0,0.0,0.0,1.0,0.0,0.0,0.0,0.0,0.0,0.0,0.0,0.0,0.0,0.0,0.0,0.0,0.0,0.0,0.0,0.0,18.0,14.0,0.0,0.0,0.0,0.0,0.0,0.0,0.0,0.0,0.0,0.0,0.0,0.0,1.0,0.0,0.0,0.0,0.0,0.0,0.0,0.0,0.0,0.0,0.0,0.0,0.0,17.0,1.0,16.0,0.0,0.0,66.0,1.0,0.0,0.0,1.0,0.0,0.0,0.0,1.0,0.0,,,0.0,1.0,0.0,1.0,0.0,0.0,0.0,1.0,1.0,0.0,0.0,0.0,0.0,1.0,1.0,0.0,0.0,0.0,0.0,0.0,0.0,0.0,0.0,0.0,1.0,1.0,0.0,0.0,0.0,0.0,0.0,0.0,12.0,9.0,27.0,4.0,0.0,13.0,0.0,2.0,29.0,22.0,6.0,5.0,1.0,0.0,1.0,64.0,1.0,64.0,40.0,25.0,46.0,19.0,0.0,46.0,17.0,2.0,0.0,57.0,8.0,0.0,1.0,42.0,21.0,1.0,1.0,7.0,10.0,29.0,11.0,7.0,57.0,8.0,0.0,0.0,0.0,54.0,9.0,2.0,4.0,10.0,10.0,6.0,30.0,2.0,3.0,56.0,9.0,47.0,18.0,30.0,32.0,3.0,7.0,6.0,8.0,8.0,21.0,2.0,13.0,57.0,8.0,39.0,26.0,39.0,19.0,7.0,64.0,1.0,61.0,4.0,56.0,9.0,64.0,1.0,49.0,16.0,20.0,37.0,8.0,52.0,13.0,0.0,12.0,14.0,14.0,24.0,1.0,22.0,18.0,13.0,5.0,7.0,9.0,56.0,17.0,35.0,13.0,0.0,60.0,1.0,4.0,45.0,16.0,4.0,61.0,4.0,0.0,12.0,53.0,56.0,9.0,44.0,18.0,2.0,1.0,57.0,5.0,3.0,40.0,23.0,2.0,59.0,5.0,1.0,61.0,3.0,0.0,1.0,50.0,15.0,46.0,18.0,1.0,0.0,62.0,3.0,0.0,51.0,13.0,1.0,44.0,20.0,1.0,46.0,18.0,1.0,64.0,1.0,0.0,0.0,7.0,38.0,20.0,0.0,4.0,4.3,Abaixo da média
26076250,ESCOLA DE REFERENCIA EM ENSINO MEDIO VIRGEM DO SOCORRO,10.0,1,01/02/2017,22/12/2017,2,2603,26011,26,2606002,260600205,2,1,,,,,,,,,,,1.0,1.0,1.0,0.0,0.0,0.0,0.0,0.0,0.0,0.0,,0.0,0.0,0.0,1.0,1.0,0.0,0.0,0.0,0.0,1.0,0.0,0.0,0.0,1.0,0.0,0.0,1.0,0.0,0.0,0.0,0.0,0.0,1.0,1.0,1.0,0.0,0.0,0.0,0.0,0.0,1.0,1.0,1.0,1.0,0.0,0.0,0.0,1.0,0.0,1.0,0.0,0.0,0.0,0.0,0.0,0.0,0.0,0.0,0.0,0.0,0.0,0.0,0.0,0.0,8.0,17.0,0.0,0.0,0.0,0.0,0.0,0.0,0.0,0.0,0.0,0.0,0.0,0.0,1.0,0.0,0.0,0.0,0.0,0.0,0.0,0.0,0.0,0.0,0.0,0.0,0.0,12.0,2.0,10.0,1.0,1.0,57.0,1.0,0.0,0.0,,0.0,0.0,0.0,1.0,0.0,,,0.0,1.0,0.0,1.0,0.0,0.0,0.0,1.0,1.0,0.0,0.0,0.0,0.0,0.0,1.0,0.0,0.0,0.0,0.0,0.0,0.0,0.0,0.0,0.0,0.0,1.0,0.0,0.0,0.0,0.0,0.0,0.0,7.0,5.0,22.0,2.0,1.0,6.0,0.0,3.0,21.0,14.0,4.0,0.0,0.0,1.0,1.0,42.0,0.0,43.0,19.0,24.0,28.0,14.0,1.0,27.0,13.0,3.0,0.0,34.0,9.0,0.0,0.0,25.0,13.0,5.0,0.0,3.0,12.0,19.0,6.0,3.0,37.0,4.0,2.0,0.0,0.0,41.0,0.0,2.0,1.0,9.0,5.0,10.0,15.0,1.0,2.0,40.0,3.0,37.0,6.0,26.0,16.0,1.0,1.0,12.0,5.0,5.0,15.0,0.0,5.0,39.0,4.0,25.0,18.0,32.0,10.0,1.0,43.0,0.0,39.0,4.0,37.0,6.0,43.0,0.0,28.0,15.0,15.0,27.0,1.0,33.0,9.0,1.0,3.0,12.0,11.0,16.0,1.0,14.0,10.0,7.0,3.0,9.0,1.0,42.0,13.0,23.0,7.0,0.0,38.0,1.0,4.0,35.0,6.0,2.0,40.0,3.0,0.0,4.0,39.0,35.0,8.0,33.0,9.0,1.0,0.0,31.0,12.0,0.0,25.0,18.0,0.0,41.0,2.0,0.0,37.0,6.0,0.0,0.0,21.0,22.0,23.0,17.0,2.0,1.0,36.0,5.0,2.0,21.0,21.0,1.0,26.0,16.0,1.0,38.0,4.0,1.0,31.0,10.0,1.0,1.0,5.0,31.0,7.0,0.0,4.4,4.3,Acima da média
26076357,ESCOLA INSTITUTO PRESBITERIANO DE HELIOPOLIS,10.0,1,01/02/2017,22/12/2017,2,2603,26011,26,2606002,260600205,2,1,,,,,,,,,,,1.0,1.0,3.0,0.0,0.0,0.0,0.0,0.0,0.0,0.0,,0.0,0.0,0.0,0.0,1.0,0.0,1.0,0.0,0.0,1.0,0.0,0.0,0.0,1.0,0.0,0.0,1.0,0.0,0.0,0.0,0.0,0.0,1.0,1.0,1.0,0.0,0.0,0.0,0.0,0.0,1.0,1.0,0.0,1.0,0.0,0.0,0.0,1.0,0.0,0.0,0.0,0.0,0.0,0.0,0.0,0.0,0.0,0.0,0.0,0.0,0.0,0.0,0.0,0.0,9.0,6.0,1.0,0.0,0.0,0.0,0.0,0.0,1.0,0.0,1.0,1.0,0.0,1.0,1.0,2.0,0.0,0.0,0.0,0.0,0.0,4.0,0.0,1.0,6.0,0.0,1.0,14.0,4.0,10.0,1.0,1.0,35.0,1.0,0.0,0.0,,0.0,0.0,0.0,1.0,0.0,,,0.0,0.0,0.0,1.0,0.0,0.0,0.0,1.0,0.0,0.0,0.0,0.0,0.0,0.0,1.0,0.0,0.0,0.0,0.0,0.0,0.0,0.0,0.0,0.0,0.0,0.0,0.0,0.0,0.0,0.0,0.0,0.0,18.0,5.0,34.0,4.0,0.0,17.0,0.0,4.0,41.0,24.0,3.0,6.0,0.0,0.0,0.0,78.0,1.0,77.0,43.0,35.0,44.0,32.0,2.0,36.0,38.0,4.0,0.0,50.0,28.0,0.0,0.0,41.0,31.0,6.0,0.0,4.0,13.0,36.0,17.0,8.0,74.0,3.0,1.0,0.0,0.0,69.0,3.0,6.0,0.0,10.0,9.0,8.0,42.0,7.0,2.0,75.0,3.0,71.0,7.0,52.0,22.0,4.0,1.0,9.0,12.0,9.0,34.0,2.0,11.0,70.0,8.0,56.0,22.0,50.0,26.0,2.0,77.0,1.0,75.0,3.0,73.0,5.0,78.0,0.0,62.0,16.0,27.0,46.0,5.0,63.0,14.0,1.0,7.0,21.0,12.0,36.0,2.0,35.0,21.0,10.0,3.0,9.0,11.0,67.0,24.0,51.0,3.0,0.0,67.0,3.0,8.0,57.0,16.0,5.0,74.0,4.0,0.0,2.0,76.0,67.0,11.0,58.0,17.0,1.0,2.0,68.0,8.0,2.0,58.0,17.0,3.0,74.0,3.0,1.0,73.0,4.0,0.0,1.0,56.0,22.0,60.0,16.0,2.0,0.0,76.0,1.0,1.0,59.0,16.0,3.0,57.0,18.0,3.0,70.0,6.0,2.0,71.0,5.0,2.0,0.0,7.0,62.0,9.0,0.0,4.0,4.3,Abaixo da média
26132230,ESCOLA DE APLICACAO PROFESSORA IVONITA ALVES GUERRA,10.0,1,01/02/2017,22/12/2017,2,2603,26011,26,2606002,260600205,2,1,,,,,,,,,,,1.0,1.0,3.0,0.0,0.0,0.0,0.0,0.0,0.0,0.0,,0.0,0.0,0.0,1.0,0.0,1.0,0.0,0.0,0.0,1.0,0.0,0.0,0.0,0.0,1.0,0.0,1.0,0.0,0.0,0.0,0.0,0.0,1.0,1.0,1.0,0.0,0.0,0.0,0.0,0.0,0.0,0.0,0.0,0.0,0.0,0.0,0.0,1.0,0.0,0.0,0.0,0.0,0.0,0.0,0.0,0.0,0.0,0.0,0.0,0.0,0.0,0.0,0.0,0.0,16.0,15.0,0.0,0.0,0.0,0.0,0.0,0.0,0.0,0.0,0.0,0.0,0.0,0.0,1.0,0.0,0.0,0.0,0.0,0.0,0.0,0.0,0.0,0.0,0.0,0.0,0.0,13.0,3.0,10.0,1.0,1.0,35.0,1.0,0.0,0.0,0.0,0.0,0.0,0.0,1.0,0.0,,,0.0,0.0,0.0,1.0,0.0,0.0,0.0,1.0,0.0,0.0,0.0,0.0,0.0,1.0,1.0,0.0,0.0,0.0,0.0,0.0,0.0,0.0,0.0,0.0,0.0,0.0,0.0,0.0,0.0,0.0,0.0,0.0,29.0,5.0,51.0,2.0,0.0,8.0,0.0,5.0,71.0,18.0,1.0,0.0,0.0,0.0,1.0,94.0,3.0,92.0,34.0,61.0,43.0,46.0,6.0,26.0,43.0,26.0,0.0,46.0,49.0,0.0,0.0,35.0,47.0,13.0,0.0,9.0,18.0,48.0,17.0,3.0,86.0,9.0,0.0,0.0,0.0,89.0,3.0,3.0,0.0,0.0,8.0,3.0,63.0,20.0,1.0,94.0,1.0,79.0,16.0,64.0,27.0,4.0,0.0,10.0,10.0,13.0,44.0,11.0,7.0,93.0,2.0,62.0,33.0,37.0,45.0,13.0,94.0,1.0,92.0,3.0,81.0,14.0,93.0,2.0,66.0,29.0,40.0,43.0,12.0,78.0,17.0,0.0,4.0,13.0,23.0,55.0,0.0,35.0,38.0,8.0,1.0,13.0,16.0,79.0,44.0,50.0,1.0,0.0,91.0,0.0,4.0,89.0,6.0,0.0,94.0,1.0,0.0,1.0,94.0,67.0,28.0,75.0,18.0,2.0,0.0,92.0,3.0,0.0,58.0,37.0,0.0,92.0,3.0,0.0,70.0,22.0,3.0,0.0,71.0,24.0,82.0,9.0,4.0,0.0,91.0,4.0,0.0,85.0,10.0,0.0,67.0,28.0,0.0,93.0,2.0,0.0,93.0,2.0,0.0,0.0,7.0,42.0,45.0,1.0,6.4,4.3,Acima da média
26152886,IFPE - CAMPUS GARANHUNS,,1,08/02/2017,22/12/2017,2,2603,26011,26,2606002,260600205,1,1,,,,,,,,,,,1.0,1.0,1.0,0.0,0.0,0.0,0.0,0.0,0.0,0.0,,0.0,0.0,0.0,1.0,1.0,0.0,0.0,0.0,0.0,1.0,0.0,0.0,0.0,1.0,0.0,0.0,1.0,0.0,0.0,0.0,0.0,0.0,1.0,1.0,1.0,1.0,0.0,0.0,0.0,0.0,0.0,1.0,1.0,1.0,0.0,0.0,0.0,1.0,0.0,1.0,0.0,1.0,1.0,0.0,0.0,1.0,1.0,0.0,0.0,0.0,0.0,0.0,0.0,0.0,13.0,13.0,1.0,0.0,1.0,0.0,0.0,0.0,1.0,0.0,1.0,1.0,0.0,1.0,1.0,5.0,0.0,1.0,0.0,0.0,0.0,26.0,0.0,1.0,32.0,0.0,3.0,247.0,98.0,149.0,1.0,1.0,100.0,0.0,0.0,0.0,,0.0,0.0,0.0,1.0,0.0,,,0.0,0.0,0.0,1.0,0.0,0.0,0.0,1.0,1.0,1.0,0.0,0.0,0.0,0.0,0.0,1.0,0.0,0.0,0.0,0.0,0.0,0.0,0.0,0.0,0.0,1.0,1.0,0.0,0.0,0.0,1.0,0.0,,,,,,,,,,,,,,,,,,,,,,,,,,,,,,,,,,,,,,,,,,,,,,,,,,,,,,,,,,,,,,,,,,,,,,,,,,,,,,,,,,,,,,,,,,,,,,,,,,,,,,,,,,,,,,,,,,,,,,,,,,,,,,,,,,,,,,,,,,,,,,,,,,,,,,,,,,,,,,,,,,,,,,4.3,Média
26178702,ESCOLA DE REFERENCIA EM ENSINO MEDIO DE GARANHUNS,10.0,1,01/02/2017,22/12/2017,2,2603,26011,26,2606002,260600205,2,1,,,,,,,,,,,1.0,1.0,2.0,0.0,0.0,0.0,0.0,0.0,0.0,0.0,,1.0,0.0,0.0,1.0,1.0,0.0,0.0,0.0,0.0,1.0,0.0,0.0,0.0,0.0,1.0,0.0,1.0,0.0,0.0,0.0,0.0,0.0,1.0,1.0,1.0,1.0,0.0,0.0,1.0,1.0,1.0,1.0,0.0,1.0,0.0,0.0,0.0,1.0,0.0,0.0,0.0,0.0,0.0,0.0,0.0,0.0,0.0,0.0,0.0,0.0,0.0,0.0,0.0,0.0,13.0,19.0,0.0,0.0,0.0,0.0,0.0,0.0,0.0,0.0,0.0,0.0,0.0,0.0,1.0,0.0,0.0,0.0,0.0,0.0,0.0,0.0,0.0,0.0,0.0,0.0,0.0,20.0,3.0,17.0,1.0,1.0,29.0,1.0,0.0,0.0,,0.0,0.0,0.0,1.0,0.0,,,0.0,1.0,0.0,1.0,0.0,0.0,0.0,1.0,0.0,0.0,0.0,0.0,0.0,0.0,1.0,0.0,0.0,0.0,0.0,0.0,0.0,0.0,0.0,0.0,0.0,0.0,0.0,0.0,0.0,0.0,0.0,0.0,19.0,10.0,45.0,7.0,0.0,20.0,0.0,4.0,63.0,28.0,6.0,0.0,0.0,0.0,0.0,101.0,1.0,100.0,33.0,68.0,53.0,42.0,6.0,35.0,47.0,19.0,0.0,62.0,39.0,0.0,1.0,48.0,42.0,10.0,0.0,9.0,17.0,53.0,15.0,7.0,95.0,5.0,1.0,0.0,0.0,94.0,4.0,3.0,0.0,5.0,13.0,12.0,59.0,9.0,3.0,100.0,1.0,88.0,13.0,72.0,26.0,3.0,0.0,5.0,16.0,13.0,49.0,5.0,13.0,96.0,5.0,70.0,31.0,49.0,43.0,9.0,100.0,1.0,97.0,4.0,92.0,9.0,101.0,0.0,81.0,20.0,32.0,58.0,11.0,82.0,18.0,1.0,5.0,21.0,33.0,42.0,0.0,47.0,28.0,6.0,1.0,19.0,1.0,100.0,38.0,59.0,4.0,0.0,90.0,2.0,9.0,84.0,15.0,2.0,99.0,2.0,0.0,4.0,97.0,77.0,24.0,48.0,33.0,4.0,16.0,76.0,9.0,16.0,52.0,32.0,17.0,87.0,1.0,13.0,49.0,26.0,10.0,16.0,61.0,40.0,71.0,28.0,2.0,0.0,99.0,2.0,0.0,83.0,18.0,0.0,67.0,33.0,1.0,93.0,8.0,0.0,94.0,5.0,2.0,0.0,1.0,33.0,65.0,2.0,4.8,4.3,Acima da média
26076780,ESCOLA DE REFERENCIA EM ENSINO MEDIO FRANCISCO PEREIRA DA COSTA,10.0,1,01/02/2017,22/12/2017,2,2603,26011,26,2606507,260650705,2,1,,,,,,,,,,,1.0,1.0,1.0,0.0,0.0,0.0,0.0,0.0,0.0,0.0,,0.0,0.0,0.0,0.0,1.0,1.0,0.0,0.0,0.0,1.0,0.0,0.0,0.0,1.0,0.0,0.0,0.0,0.0,1.0,0.0,0.0,0.0,1.0,1.0,1.0,1.0,0.0,0.0,1.0,1.0,1.0,1.0,0.0,1.0,0.0,0.0,0.0,1.0,0.0,1.0,0.0,0.0,0.0,0.0,0.0,0.0,0.0,0.0,0.0,0.0,0.0,0.0,0.0,0.0,10.0,23.0,0.0,0.0,0.0,0.0,0.0,0.0,0.0,0.0,0.0,0.0,0.0,0.0,1.0,0.0,0.0,0.0,0.0,0.0,0.0,0.0,0.0,0.0,0.0,0.0,0.0,11.0,3.0,8.0,1.0,0.0,49.0,1.0,0.0,0.0,,0.0,0.0,0.0,1.0,0.0,,,0.0,0.0,0.0,1.0,0.0,0.0,0.0,1.0,1.0,0.0,0.0,0.0,0.0,0.0,1.0,0.0,0.0,0.0,0.0,0.0,0.0,0.0,0.0,0.0,0.0,1.0,0.0,0.0,0.0,0.0,0.0,0.0,41.0,14.0,90.0,10.0,3.0,30.0,0.0,3.0,63.0,61.0,41.0,11.0,7.0,2.0,4.0,184.0,3.0,185.0,139.0,49.0,136.0,46.0,6.0,145.0,39.0,4.0,3.0,160.0,25.0,1.0,5.0,95.0,75.0,12.0,3.0,12.0,32.0,75.0,32.0,34.0,176.0,11.0,1.0,0.0,0.0,167.0,16.0,5.0,12.0,48.0,48.0,9.0,45.0,9.0,17.0,148.0,40.0,123.0,65.0,142.0,41.0,5.0,19.0,55.0,35.0,10.0,43.0,2.0,24.0,127.0,61.0,97.0,91.0,97.0,71.0,20.0,182.0,6.0,172.0,16.0,160.0,28.0,184.0,4.0,138.0,50.0,74.0,104.0,10.0,145.0,34.0,9.0,50.0,52.0,15.0,57.0,14.0,73.0,33.0,18.0,27.0,37.0,21.0,167.0,45.0,98.0,43.0,2.0,183.0,1.0,4.0,104.0,64.0,20.0,172.0,13.0,3.0,26.0,162.0,161.0,27.0,130.0,52.0,2.0,4.0,171.0,14.0,3.0,106.0,78.0,4.0,147.0,37.0,4.0,148.0,30.0,7.0,3.0,143.0,45.0,142.0,44.0,2.0,0.0,183.0,5.0,0.0,157.0,31.0,0.0,154.0,34.0,0.0,138.0,50.0,0.0,182.0,5.0,0.0,1.0,23.0,99.0,66.0,0.0,3.4,4.3,Abaixo da média
26047187,ESCOLA DE REFERENCIA EM ENSINO MEDIO PEDRO DE ALCANTARA RAMOS,11.0,1,02/02/2017,22/12/2017,2,2603,26007,26,2607505,260750505,2,1,,,,,,,,,,,1.0,1.0,1.0,0.0,0.0,0.0,0.0,0.0,0.0,0.0,,0.0,0.0,0.0,1.0,1.0,0.0,0.0,0.0,0.0,1.0,0.0,0.0,0.0,1.0,1.0,0.0,1.0,0.0,0.0,0.0,0.0,0.0,1.0,1.0,1.0,1.0,0.0,0.0,1.0,1.0,1.0,1.0,0.0,1.0,0.0,0.0,0.0,1.0,0.0,1.0,0.0,0.0,0.0,0.0,0.0,0.0,0.0,0.0,0.0,0.0,0.0,0.0,0.0,0.0,14.0,14.0,1.0,0.0,1.0,1.0,1.0,0.0,1.0,0.0,1.0,1.0,0.0,0.0,1.0,2.0,0.0,1.0,2.0,2.0,0.0,3.0,0.0,2.0,8.0,0.0,0.0,26.0,5.0,21.0,1.0,1.0,42.0,1.0,0.0,0.0,0.0,0.0,0.0,0.0,1.0,0.0,,,0.0,0.0,0.0,1.0,0.0,0.0,0.0,1.0,1.0,0.0,0.0,0.0,0.0,0.0,1.0,0.0,0.0,0.0,0.0,0.0,0.0,0.0,0.0,0.0,0.0,1.0,0.0,0.0,0.0,0.0,0.0,0.0,9.0,2.0,33.0,3.0,0.0,11.0,0.0,2.0,22.0,20.0,9.0,2.0,2.0,1.0,5.0,53.0,0.0,58.0,45.0,13.0,47.0,11.0,0.0,44.0,12.0,2.0,3.0,52.0,3.0,0.0,1.0,28.0,27.0,2.0,0.0,2.0,16.0,15.0,9.0,16.0,54.0,4.0,0.0,0.0,0.0,55.0,3.0,0.0,8.0,23.0,6.0,4.0,10.0,3.0,4.0,40.0,18.0,33.0,25.0,49.0,9.0,0.0,9.0,15.0,7.0,3.0,15.0,0.0,9.0,39.0,19.0,25.0,33.0,43.0,15.0,0.0,58.0,0.0,51.0,7.0,45.0,13.0,57.0,1.0,43.0,15.0,17.0,36.0,5.0,34.0,22.0,2.0,10.0,19.0,11.0,16.0,2.0,24.0,13.0,8.0,3.0,10.0,6.0,52.0,12.0,34.0,11.0,1.0,58.0,0.0,0.0,38.0,17.0,3.0,54.0,3.0,1.0,8.0,50.0,42.0,16.0,47.0,10.0,1.0,0.0,48.0,8.0,2.0,34.0,23.0,1.0,54.0,4.0,0.0,56.0,2.0,0.0,0.0,44.0,14.0,48.0,8.0,0.0,2.0,52.0,5.0,1.0,32.0,25.0,1.0,33.0,23.0,2.0,41.0,14.0,3.0,52.0,4.0,0.0,2.0,19.0,36.0,3.0,0.0,4.4,4.1,Acima da média
26047365,ESCOLA FREI JOAO PEREIRA DE SOUZA,11.0,1,01/02/2017,22/12/2017,2,2603,26007,26,2607505,260750515,2,1,,,,,,,,,,,1.0,1.0,2.0,0.0,0.0,0.0,0.0,0.0,0.0,0.0,,0.0,0.0,0.0,1.0,1.0,0.0,0.0,0.0,0.0,1.0,0.0,0.0,0.0,0.0,1.0,0.0,1.0,0.0,0.0,0.0,0.0,0.0,0.0,1.0,1.0,0.0,1.0,0.0,1.0,1.0,1.0,1.0,0.0,1.0,0.0,0.0,0.0,1.0,0.0,1.0,1.0,1.0,0.0,1.0,0.0,0.0,0.0,0.0,1.0,0.0,0.0,1.0,0.0,0.0,7.0,7.0,1.0,0.0,1.0,1.0,1.0,1.0,1.0,1.0,1.0,1.0,0.0,1.0,1.0,5.0,0.0,3.0,2.0,2.0,1.0,4.0,1.0,7.0,11.0,0.0,3.0,24.0,4.0,20.0,1.0,0.0,23.0,1.0,1.0,1.0,0.0,3.0,0.0,0.0,1.0,0.0,,,0.0,1.0,0.0,1.0,0.0,0.0,0.0,1.0,0.0,0.0,0.0,0.0,0.0,1.0,1.0,0.0,0.0,0.0,0.0,0.0,0.0,0.0,0.0,0.0,0.0,0.0,0.0,0.0,0.0,0.0,0.0,0.0,,,,,,,,,,,,,,,,,,,,,,,,,,,,,,,,,,,,,,,,,,,,,,,,,,,,,,,,,,,,,,,,,,,,,,,,,,,,,,,,,,,,,,,,,,,,,,,,,,,,,,,,,,,,,,,,,,,,,,,,,,,,,,,,,,,,,,,,,,,,,,,,,,,,,,,,,,,,,,,,,,,,,,4.1,Média
26174464,ESCOLA DE REFERENCIA EM ENSINO MEDIO HENRIQUE JUSTINO DE MELO,10.0,1,01/02/2017,22/12/2017,2,2603,26011,26,2608255,260825505,2,1,,,,,,,,,,,1.0,1.0,1.0,0.0,0.0,0.0,0.0,0.0,0.0,0.0,,0.0,0.0,0.0,0.0,1.0,0.0,0.0,0.0,0.0,1.0,0.0,0.0,0.0,1.0,0.0,0.0,1.0,0.0,0.0,0.0,0.0,0.0,1.0,1.0,1.0,1.0,0.0,1.0,0.0,1.0,1.0,1.0,0.0,1.0,0.0,0.0,0.0,1.0,0.0,1.0,1.0,1.0,1.0,1.0,1.0,1.0,0.0,0.0,0.0,0.0,0.0,1.0,0.0,0.0,12.0,10.0,1.0,0.0,0.0,0.0,1.0,1.0,1.0,0.0,1.0,1.0,0.0,1.0,1.0,3.0,0.0,0.0,0.0,2.0,1.0,3.0,0.0,3.0,4.0,0.0,1.0,13.0,3.0,10.0,1.0,1.0,30.0,1.0,0.0,0.0,,0.0,0.0,0.0,1.0,0.0,,,0.0,0.0,0.0,1.0,0.0,0.0,0.0,1.0,1.0,0.0,0.0,0.0,0.0,0.0,1.0,0.0,0.0,0.0,0.0,0.0,0.0,0.0,0.0,0.0,0.0,1.0,0.0,0.0,0.0,0.0,0.0,0.0,26.0,2.0,46.0,7.0,1.0,9.0,0.0,5.0,46.0,27.0,9.0,2.0,0.0,2.0,1.0,90.0,0.0,91.0,76.0,15.0,62.0,28.0,1.0,69.0,21.0,1.0,2.0,80.0,9.0,0.0,1.0,41.0,42.0,7.0,0.0,6.0,13.0,31.0,25.0,16.0,87.0,4.0,0.0,0.0,0.0,83.0,6.0,2.0,6.0,31.0,20.0,8.0,14.0,5.0,7.0,70.0,21.0,51.0,40.0,76.0,13.0,2.0,8.0,35.0,13.0,8.0,15.0,2.0,10.0,62.0,29.0,37.0,54.0,78.0,13.0,0.0,85.0,6.0,80.0,11.0,71.0,20.0,89.0,2.0,70.0,21.0,26.0,55.0,10.0,61.0,29.0,1.0,21.0,30.0,17.0,19.0,4.0,31.0,23.0,7.0,7.0,23.0,2.0,89.0,9.0,72.0,10.0,0.0,89.0,0.0,2.0,67.0,19.0,5.0,85.0,5.0,1.0,8.0,83.0,70.0,21.0,69.0,22.0,0.0,0.0,88.0,2.0,1.0,53.0,36.0,2.0,82.0,9.0,0.0,90.0,1.0,0.0,0.0,66.0,25.0,71.0,19.0,1.0,0.0,91.0,0.0,0.0,86.0,5.0,0.0,75.0,16.0,0.0,65.0,26.0,0.0,89.0,2.0,0.0,0.0,18.0,57.0,16.0,0.0,4.9,4.3,Acima da média
26077825,ESCOLA DE REFERENCIA EM ENSINO MEDIO SEBASTIAO TIAGO DE OLIVEIRA,10.0,1,01/02/2017,22/12/2017,2,2603,26011,26,2608305,260830505,2,1,,,,,,,,,,,1.0,1.0,1.0,0.0,0.0,0.0,0.0,0.0,0.0,0.0,,0.0,0.0,0.0,0.0,0.0,1.0,0.0,0.0,0.0,1.0,0.0,0.0,0.0,1.0,0.0,0.0,1.0,0.0,0.0,0.0,0.0,0.0,0.0,1.0,1.0,0.0,0.0,0.0,1.0,1.0,1.0,1.0,0.0,1.0,0.0,0.0,0.0,1.0,0.0,0.0,0.0,0.0,0.0,0.0,0.0,0.0,0.0,0.0,0.0,0.0,0.0,0.0,0.0,0.0,11.0,11.0,0.0,0.0,0.0,0.0,0.0,0.0,1.0,1.0,0.0,1.0,0.0,0.0,1.0,0.0,0.0,0.0,0.0,0.0,0.0,3.0,3.0,0.0,6.0,0.0,0.0,13.0,2.0,11.0,1.0,1.0,37.0,1.0,0.0,0.0,,0.0,0.0,0.0,1.0,0.0,,,0.0,0.0,0.0,1.0,0.0,0.0,0.0,1.0,1.0,0.0,0.0,0.0,0.0,0.0,1.0,0.0,0.0,0.0,0.0,0.0,0.0,0.0,0.0,0.0,0.0,1.0,0.0,0.0,0.0,0.0,0.0,0.0,23.0,2.0,72.0,6.0,2.0,15.0,0.0,15.0,68.0,26.0,9.0,1.0,0.0,1.0,2.0,118.0,0.0,120.0,85.0,35.0,86.0,34.0,0.0,88.0,31.0,1.0,0.0,107.0,13.0,0.0,2.0,52.0,58.0,8.0,0.0,5.0,26.0,44.0,21.0,24.0,115.0,4.0,1.0,0.0,0.0,109.0,7.0,4.0,6.0,40.0,14.0,11.0,32.0,4.0,13.0,98.0,22.0,88.0,32.0,85.0,30.0,5.0,13.0,36.0,26.0,6.0,18.0,0.0,21.0,86.0,34.0,57.0,63.0,91.0,26.0,3.0,118.0,2.0,113.0,7.0,103.0,17.0,118.0,2.0,97.0,23.0,37.0,76.0,7.0,83.0,34.0,3.0,30.0,36.0,21.0,26.0,7.0,55.0,41.0,5.0,6.0,13.0,4.0,116.0,31.0,72.0,16.0,1.0,118.0,1.0,1.0,97.0,17.0,6.0,115.0,4.0,1.0,9.0,111.0,105.0,15.0,96.0,24.0,0.0,0.0,110.0,8.0,2.0,73.0,45.0,2.0,103.0,17.0,0.0,118.0,2.0,0.0,0.0,96.0,24.0,89.0,30.0,1.0,0.0,120.0,0.0,0.0,108.0,12.0,0.0,92.0,28.0,0.0,95.0,24.0,1.0,119.0,1.0,0.0,0.0,25.0,73.0,22.0,0.0,5.0,4.3,Acima da média
26133920,ESCOLA DE REFERENCIA EM ENSINO MEDIO PADRE ANTONIO BARBOSA JUNIOR,10.0,1,01/02/2017,22/12/2017,2,2603,26011,26,2608404,260840405,2,1,,,,,,,,,,,1.0,1.0,1.0,0.0,0.0,0.0,0.0,0.0,0.0,0.0,,1.0,0.0,0.0,1.0,1.0,0.0,0.0,0.0,0.0,1.0,0.0,0.0,0.0,1.0,0.0,0.0,1.0,0.0,0.0,0.0,0.0,0.0,1.0,1.0,1.0,0.0,0.0,0.0,1.0,1.0,1.0,1.0,0.0,1.0,0.0,0.0,0.0,1.0,0.0,0.0,0.0,1.0,0.0,0.0,0.0,0.0,0.0,0.0,0.0,0.0,0.0,0.0,0.0,0.0,11.0,12.0,1.0,0.0,1.0,1.0,0.0,0.0,0.0,1.0,1.0,1.0,0.0,1.0,1.0,3.0,0.0,4.0,1.0,0.0,0.0,0.0,9.0,5.0,4.0,0.0,2.0,29.0,9.0,20.0,1.0,1.0,46.0,1.0,0.0,0.0,,0.0,0.0,0.0,1.0,0.0,,,0.0,0.0,0.0,1.0,0.0,0.0,0.0,1.0,1.0,0.0,0.0,0.0,0.0,0.0,1.0,0.0,0.0,0.0,0.0,0.0,0.0,0.0,0.0,0.0,0.0,1.0,0.0,0.0,0.0,0.0,0.0,0.0,33.0,4.0,80.0,4.0,2.0,20.0,0.0,8.0,75.0,37.0,16.0,6.0,1.0,0.0,9.0,134.0,0.0,143.0,115.0,28.0,109.0,32.0,2.0,104.0,38.0,1.0,0.0,125.0,18.0,1.0,6.0,81.0,51.0,4.0,0.0,9.0,26.0,56.0,27.0,25.0,134.0,9.0,0.0,0.0,0.0,131.0,8.0,4.0,9.0,51.0,19.0,8.0,37.0,7.0,12.0,116.0,27.0,99.0,44.0,95.0,44.0,4.0,19.0,41.0,23.0,3.0,24.0,5.0,28.0,92.0,51.0,70.0,73.0,120.0,19.0,4.0,140.0,3.0,137.0,6.0,128.0,15.0,141.0,2.0,106.0,37.0,53.0,85.0,5.0,95.0,42.0,6.0,22.0,36.0,21.0,55.0,9.0,53.0,42.0,23.0,15.0,10.0,9.0,134.0,39.0,68.0,34.0,2.0,136.0,1.0,6.0,93.0,39.0,11.0,135.0,7.0,1.0,28.0,115.0,117.0,26.0,96.0,45.0,0.0,2.0,129.0,11.0,3.0,93.0,47.0,3.0,126.0,13.0,4.0,111.0,25.0,5.0,2.0,106.0,37.0,97.0,42.0,3.0,1.0,138.0,4.0,1.0,109.0,33.0,1.0,101.0,41.0,1.0,107.0,34.0,2.0,129.0,13.0,0.0,1.0,38.0,88.0,17.0,0.0,4.0,4.3,Abaixo da média
26078562,ESCOLA DE REFERENCIA EM ENSINO MEDIO ABILIO MONTEIRO,10.0,1,01/02/2017,22/12/2017,2,2603,26011,26,2608602,260860205,2,1,,,,,,,,,,,1.0,1.0,1.0,0.0,0.0,0.0,0.0,0.0,0.0,0.0,,0.0,1.0,0.0,1.0,1.0,0.0,1.0,0.0,0.0,1.0,0.0,0.0,0.0,1.0,0.0,0.0,1.0,0.0,0.0,0.0,0.0,0.0,1.0,1.0,1.0,0.0,0.0,0.0,0.0,0.0,1.0,0.0,0.0,0.0,0.0,0.0,0.0,1.0,0.0,0.0,0.0,0.0,0.0,0.0,0.0,0.0,0.0,0.0,0.0,0.0,0.0,0.0,0.0,0.0,13.0,22.0,0.0,0.0,0.0,0.0,0.0,0.0,0.0,0.0,0.0,0.0,0.0,0.0,1.0,0.0,0.0,0.0,0.0,0.0,0.0,0.0,0.0,0.0,0.0,0.0,0.0,12.0,2.0,9.0,1.0,0.0,30.0,1.0,0.0,0.0,,0.0,0.0,0.0,1.0,0.0,,,0.0,0.0,0.0,1.0,0.0,0.0,0.0,1.0,1.0,0.0,0.0,0.0,0.0,0.0,1.0,0.0,0.0,0.0,0.0,0.0,0.0,0.0,0.0,0.0,0.0,1.0,0.0,0.0,0.0,0.0,0.0,0.0,30.0,3.0,61.0,8.0,0.0,15.0,0.0,5.0,49.0,42.0,15.0,4.0,1.0,1.0,1.0,116.0,0.0,117.0,91.0,26.0,100.0,17.0,0.0,83.0,30.0,4.0,0.0,93.0,24.0,0.0,2.0,46.0,61.0,8.0,0.0,7.0,18.0,56.0,24.0,12.0,111.0,5.0,1.0,0.0,0.0,101.0,12.0,4.0,3.0,32.0,24.0,9.0,31.0,9.0,9.0,106.0,11.0,88.0,29.0,85.0,27.0,5.0,15.0,36.0,19.0,11.0,19.0,2.0,15.0,79.0,38.0,49.0,68.0,102.0,15.0,0.0,115.0,2.0,102.0,15.0,93.0,24.0,115.0,2.0,93.0,24.0,45.0,66.0,6.0,91.0,23.0,3.0,19.0,25.0,24.0,45.0,4.0,42.0,34.0,15.0,20.0,6.0,14.0,103.0,19.0,66.0,30.0,2.0,113.0,0.0,4.0,74.0,38.0,5.0,114.0,3.0,0.0,9.0,108.0,96.0,21.0,108.0,9.0,0.0,0.0,113.0,4.0,0.0,83.0,34.0,0.0,103.0,14.0,0.0,117.0,0.0,0.0,0.0,90.0,27.0,103.0,14.0,0.0,0.0,115.0,2.0,0.0,97.0,20.0,0.0,98.0,19.0,0.0,98.0,19.0,0.0,116.0,1.0,0.0,0.0,3.0,63.0,49.0,2.0,4.4,4.3,Acima da média
26078805,ESCOLA DE REFERENCIA EM ENSINO MEDIO DEOLINDA AMARAL,10.0,1,01/02/2017,29/12/2017,2,2603,26011,26,2608800,260880005,2,1,,,,,,,,,,,1.0,1.0,1.0,0.0,0.0,0.0,0.0,0.0,0.0,0.0,,0.0,0.0,0.0,1.0,1.0,0.0,0.0,0.0,0.0,1.0,0.0,0.0,0.0,1.0,0.0,0.0,1.0,0.0,0.0,0.0,0.0,0.0,1.0,1.0,1.0,1.0,0.0,0.0,1.0,1.0,1.0,1.0,0.0,1.0,0.0,0.0,0.0,1.0,0.0,1.0,1.0,1.0,1.0,1.0,1.0,1.0,0.0,0.0,1.0,0.0,0.0,1.0,0.0,0.0,9.0,9.0,1.0,0.0,1.0,1.0,1.0,1.0,1.0,0.0,1.0,1.0,0.0,1.0,1.0,5.0,0.0,1.0,1.0,1.0,5.0,6.0,0.0,6.0,9.0,0.0,1.0,25.0,7.0,21.0,1.0,0.0,28.0,1.0,0.0,0.0,,0.0,0.0,0.0,1.0,0.0,,,0.0,1.0,0.0,1.0,0.0,0.0,0.0,1.0,0.0,0.0,0.0,0.0,0.0,0.0,1.0,0.0,0.0,0.0,0.0,0.0,0.0,0.0,0.0,0.0,0.0,0.0,0.0,0.0,0.0,0.0,0.0,0.0,17.0,2.0,46.0,2.0,0.0,15.0,1.0,10.0,51.0,15.0,3.0,1.0,0.0,1.0,2.0,80.0,2.0,80.0,54.0,28.0,36.0,41.0,5.0,37.0,37.0,8.0,0.0,51.0,31.0,0.0,2.0,37.0,33.0,10.0,0.0,5.0,20.0,33.0,21.0,3.0,76.0,6.0,0.0,0.0,0.0,77.0,2.0,3.0,1.0,12.0,14.0,6.0,33.0,15.0,1.0,78.0,4.0,59.0,23.0,53.0,27.0,2.0,1.0,14.0,16.0,10.0,25.0,8.0,8.0,74.0,8.0,52.0,30.0,55.0,21.0,6.0,82.0,0.0,79.0,3.0,73.0,9.0,82.0,0.0,59.0,23.0,33.0,44.0,5.0,68.0,13.0,1.0,5.0,19.0,20.0,35.0,3.0,44.0,19.0,3.0,1.0,15.0,3.0,79.0,36.0,42.0,3.0,1.0,73.0,1.0,8.0,65.0,13.0,4.0,81.0,0.0,1.0,4.0,78.0,69.0,13.0,66.0,14.0,2.0,0.0,76.0,6.0,0.0,52.0,29.0,1.0,76.0,6.0,0.0,74.0,8.0,0.0,0.0,60.0,22.0,61.0,19.0,2.0,0.0,80.0,2.0,0.0,60.0,22.0,0.0,64.0,18.0,0.0,72.0,10.0,0.0,82.0,0.0,0.0,0.0,9.0,59.0,13.0,1.0,5.2,4.3,Acima da média
26078872,ESCOLA JORNALISTA MANUEL AMARAL,10.0,1,01/02/2017,22/12/2017,2,2603,26011,26,2608800,260880005,2,1,,,,,,,,,,,1.0,1.0,1.0,0.0,0.0,0.0,0.0,0.0,0.0,0.0,,0.0,0.0,0.0,1.0,1.0,0.0,0.0,0.0,0.0,1.0,0.0,0.0,0.0,1.0,0.0,0.0,1.0,0.0,0.0,0.0,0.0,0.0,1.0,1.0,1.0,0.0,0.0,0.0,1.0,1.0,1.0,1.0,0.0,1.0,0.0,0.0,0.0,1.0,0.0,0.0,0.0,0.0,0.0,0.0,0.0,0.0,0.0,0.0,0.0,0.0,0.0,0.0,0.0,0.0,13.0,13.0,1.0,0.0,1.0,1.0,1.0,1.0,1.0,0.0,1.0,1.0,0.0,1.0,1.0,3.0,0.0,2.0,1.0,1.0,2.0,8.0,0.0,2.0,14.0,0.0,2.0,14.0,4.0,8.0,1.0,1.0,55.0,1.0,0.0,0.0,,0.0,0.0,0.0,1.0,0.0,,,0.0,0.0,0.0,1.0,0.0,0.0,0.0,1.0,1.0,0.0,0.0,0.0,0.0,0.0,1.0,0.0,0.0,0.0,0.0,0.0,0.0,0.0,0.0,0.0,0.0,1.0,0.0,0.0,0.0,0.0,0.0,0.0,32.0,8.0,90.0,7.0,1.0,34.0,0.0,8.0,77.0,47.0,22.0,12.0,2.0,4.0,2.0,170.0,0.0,172.0,129.0,43.0,133.0,35.0,4.0,137.0,31.0,4.0,0.0,153.0,19.0,0.0,6.0,98.0,62.0,6.0,0.0,15.0,30.0,73.0,36.0,18.0,164.0,8.0,0.0,0.0,0.0,149.0,20.0,3.0,5.0,72.0,29.0,10.0,40.0,2.0,14.0,142.0,30.0,123.0,49.0,123.0,46.0,3.0,15.0,59.0,21.0,10.0,41.0,2.0,24.0,123.0,49.0,100.0,72.0,102.0,55.0,15.0,170.0,2.0,160.0,12.0,149.0,23.0,168.0,4.0,130.0,42.0,47.0,112.0,13.0,130.0,38.0,4.0,41.0,38.0,18.0,65.0,10.0,67.0,44.0,11.0,23.0,27.0,30.0,142.0,39.0,114.0,19.0,0.0,166.0,2.0,4.0,86.0,59.0,27.0,163.0,7.0,2.0,33.0,139.0,147.0,25.0,110.0,48.0,5.0,9.0,148.0,21.0,3.0,102.0,64.0,6.0,154.0,15.0,3.0,123.0,38.0,2.0,9.0,111.0,61.0,120.0,44.0,6.0,2.0,163.0,7.0,2.0,137.0,33.0,2.0,127.0,43.0,2.0,140.0,30.0,2.0,160.0,10.0,0.0,2.0,32.0,113.0,27.0,0.0,3.9,4.3,Abaixo da média
26182106,ESCOLA TECNICA ESTADUAL ANTONIO DOURADO CAVALCANTI,10.0,1,01/02/2017,22/12/2017,2,2603,26011,26,2608800,260880005,2,1,,,,,,,,,,,1.0,1.0,1.0,0.0,0.0,0.0,0.0,0.0,0.0,0.0,,0.0,0.0,0.0,1.0,1.0,0.0,0.0,0.0,0.0,1.0,0.0,0.0,0.0,1.0,0.0,0.0,1.0,0.0,0.0,0.0,0.0,0.0,1.0,1.0,1.0,1.0,0.0,1.0,0.0,1.0,1.0,1.0,1.0,1.0,0.0,0.0,0.0,1.0,0.0,1.0,1.0,1.0,1.0,1.0,1.0,1.0,1.0,1.0,1.0,0.0,0.0,1.0,0.0,0.0,12.0,12.0,1.0,0.0,1.0,0.0,1.0,0.0,1.0,0.0,1.0,1.0,0.0,1.0,1.0,1.0,0.0,1.0,0.0,2.0,0.0,5.0,0.0,1.0,12.0,0.0,1.0,67.0,10.0,57.0,1.0,0.0,15.0,1.0,0.0,0.0,,0.0,0.0,0.0,1.0,0.0,,,0.0,0.0,0.0,1.0,0.0,0.0,0.0,1.0,0.0,1.0,0.0,0.0,0.0,0.0,0.0,1.0,0.0,0.0,0.0,0.0,0.0,0.0,0.0,0.0,0.0,0.0,0.0,0.0,0.0,0.0,1.0,0.0,,,,,,,,,,,,,,,,,,,,,,,,,,,,,,,,,,,,,,,,,,,,,,,,,,,,,,,,,,,,,,,,,,,,,,,,,,,,,,,,,,,,,,,,,,,,,,,,,,,,,,,,,,,,,,,,,,,,,,,,,,,,,,,,,,,,,,,,,,,,,,,,,,,,,,,,,,,,,,,,,,,,,4.2,4.3,Abaixo da média
26079593,ESCOLA DE REFERENCIA EM ENSINO MEDIO REGINA PACIS - GARANHUNS,10.0,1,01/02/2017,22/12/2017,2,2603,26011,26,2610103,261010305,2,1,,,,,,,,,,,1.0,1.0,1.0,0.0,0.0,0.0,0.0,0.0,0.0,0.0,,0.0,0.0,0.0,1.0,1.0,0.0,0.0,0.0,0.0,1.0,0.0,0.0,0.0,1.0,0.0,0.0,1.0,0.0,0.0,0.0,0.0,0.0,1.0,1.0,1.0,0.0,0.0,1.0,0.0,1.0,1.0,0.0,1.0,1.0,0.0,0.0,0.0,1.0,0.0,1.0,1.0,1.0,0.0,1.0,1.0,0.0,0.0,1.0,1.0,0.0,0.0,0.0,0.0,0.0,5.0,7.0,0.0,0.0,0.0,0.0,1.0,0.0,1.0,0.0,0.0,0.0,0.0,1.0,1.0,0.0,0.0,0.0,0.0,1.0,0.0,5.0,0.0,0.0,0.0,0.0,1.0,16.0,8.0,13.0,1.0,1.0,24.0,1.0,0.0,0.0,,0.0,0.0,0.0,1.0,0.0,,,0.0,0.0,0.0,1.0,0.0,0.0,0.0,1.0,1.0,0.0,0.0,0.0,0.0,0.0,1.0,0.0,0.0,0.0,0.0,0.0,0.0,0.0,0.0,0.0,0.0,1.0,0.0,0.0,0.0,0.0,0.0,0.0,18.0,3.0,34.0,8.0,1.0,11.0,0.0,0.0,38.0,22.0,11.0,4.0,0.0,0.0,3.0,72.0,2.0,73.0,53.0,22.0,58.0,14.0,3.0,50.0,21.0,4.0,2.0,53.0,20.0,0.0,4.0,24.0,35.0,12.0,1.0,5.0,16.0,19.0,20.0,14.0,69.0,5.0,0.0,1.0,0.0,65.0,8.0,2.0,7.0,20.0,11.0,5.0,18.0,7.0,7.0,60.0,15.0,48.0,27.0,47.0,28.0,0.0,5.0,20.0,13.0,4.0,9.0,3.0,21.0,45.0,30.0,33.0,42.0,55.0,16.0,4.0,73.0,2.0,68.0,7.0,60.0,15.0,75.0,0.0,48.0,27.0,30.0,36.0,9.0,43.0,30.0,2.0,19.0,14.0,11.0,26.0,5.0,12.0,21.0,9.0,16.0,17.0,9.0,66.0,19.0,49.0,7.0,0.0,70.0,1.0,4.0,50.0,21.0,4.0,72.0,2.0,1.0,13.0,62.0,61.0,14.0,42.0,30.0,2.0,1.0,63.0,10.0,2.0,34.0,36.0,5.0,50.0,22.0,3.0,68.0,6.0,0.0,1.0,45.0,30.0,41.0,31.0,2.0,1.0,66.0,7.0,2.0,56.0,17.0,2.0,50.0,23.0,2.0,37.0,36.0,2.0,64.0,10.0,0.0,1.0,14.0,43.0,18.0,0.0,3.7,4.3,Abaixo da média
26079739,ESCOLA DE REFERENCIA EM ENSINO MEDIO NARCISO CORREIA,10.0,1,01/02/2017,22/12/2017,2,2603,26011,26,2610301,261030105,2,1,,,,,,,,,,,1.0,1.0,1.0,0.0,0.0,0.0,0.0,0.0,0.0,0.0,,1.0,0.0,0.0,1.0,1.0,0.0,1.0,0.0,0.0,1.0,0.0,0.0,0.0,0.0,1.0,0.0,1.0,0.0,0.0,0.0,0.0,0.0,1.0,1.0,1.0,0.0,0.0,0.0,0.0,0.0,1.0,1.0,0.0,1.0,0.0,0.0,0.0,1.0,0.0,0.0,0.0,0.0,0.0,0.0,0.0,0.0,0.0,0.0,0.0,0.0,0.0,0.0,0.0,0.0,7.0,7.0,0.0,0.0,0.0,0.0,0.0,0.0,0.0,0.0,0.0,0.0,0.0,0.0,1.0,0.0,0.0,0.0,0.0,0.0,0.0,0.0,0.0,0.0,0.0,0.0,0.0,12.0,2.0,10.0,1.0,1.0,24.0,1.0,0.0,0.0,,0.0,0.0,0.0,1.0,0.0,,,0.0,0.0,0.0,1.0,0.0,0.0,0.0,1.0,1.0,0.0,0.0,0.0,0.0,0.0,1.0,0.0,0.0,0.0,0.0,0.0,0.0,0.0,0.0,0.0,0.0,1.0,0.0,0.0,0.0,0.0,0.0,0.0,28.0,2.0,57.0,7.0,0.0,19.0,0.0,0.0,49.0,32.0,24.0,4.0,4.0,0.0,4.0,109.0,4.0,109.0,83.0,30.0,86.0,24.0,3.0,86.0,22.0,5.0,4.0,100.0,9.0,0.0,5.0,60.0,39.0,9.0,0.0,3.0,20.0,46.0,28.0,16.0,109.0,4.0,0.0,0.0,0.0,107.0,5.0,1.0,5.0,45.0,15.0,11.0,29.0,5.0,3.0,96.0,17.0,86.0,27.0,85.0,27.0,1.0,11.0,48.0,16.0,5.0,22.0,2.0,9.0,79.0,34.0,65.0,48.0,65.0,35.0,13.0,109.0,4.0,99.0,14.0,91.0,22.0,111.0,2.0,82.0,31.0,33.0,68.0,12.0,86.0,22.0,5.0,22.0,29.0,19.0,34.0,9.0,54.0,19.0,4.0,8.0,28.0,19.0,94.0,17.0,78.0,16.0,2.0,112.0,0.0,1.0,70.0,33.0,10.0,103.0,8.0,2.0,18.0,95.0,92.0,21.0,54.0,40.0,6.0,13.0,82.0,15.0,16.0,63.0,33.0,17.0,77.0,18.0,18.0,87.0,8.0,1.0,17.0,74.0,39.0,55.0,31.0,15.0,12.0,89.0,10.0,14.0,73.0,28.0,12.0,56.0,41.0,16.0,62.0,39.0,12.0,79.0,18.0,3.0,13.0,6.0,27.0,21.0,59.0,4.1,4.3,Abaixo da média
26080516,ESCOLA DE REFERENCIA EM ENSINO MEDIO MONSENHOR JOAO MARQUES,10.0,1,01/02/2017,22/12/2017,2,2603,26011,26,2612307,261230705,2,1,,,,,,,,,,,1.0,1.0,1.0,0.0,0.0,0.0,0.0,0.0,0.0,0.0,,0.0,0.0,0.0,1.0,1.0,0.0,1.0,0.0,0.0,1.0,0.0,0.0,0.0,1.0,0.0,0.0,1.0,0.0,0.0,0.0,0.0,0.0,1.0,0.0,1.0,0.0,0.0,0.0,0.0,0.0,1.0,1.0,0.0,1.0,0.0,0.0,0.0,0.0,0.0,0.0,0.0,0.0,0.0,0.0,0.0,0.0,0.0,0.0,0.0,0.0,0.0,0.0,0.0,0.0,11.0,15.0,0.0,0.0,0.0,0.0,0.0,0.0,0.0,0.0,0.0,0.0,0.0,0.0,1.0,0.0,0.0,0.0,0.0,0.0,0.0,0.0,0.0,0.0,0.0,0.0,0.0,10.0,1.0,8.0,1.0,0.0,38.0,1.0,0.0,0.0,,0.0,0.0,0.0,1.0,0.0,,,0.0,0.0,0.0,1.0,0.0,0.0,0.0,1.0,1.0,0.0,0.0,0.0,0.0,0.0,1.0,0.0,0.0,0.0,0.0,0.0,0.0,0.0,0.0,0.0,0.0,1.0,0.0,0.0,0.0,0.0,0.0,0.0,26.0,10.0,66.0,11.0,4.0,16.0,0.0,8.0,41.0,44.0,28.0,7.0,1.0,4.0,3.0,130.0,2.0,131.0,95.0,38.0,108.0,23.0,2.0,100.0,30.0,3.0,0.0,114.0,19.0,0.0,1.0,59.0,62.0,11.0,0.0,8.0,26.0,47.0,38.0,14.0,126.0,5.0,1.0,1.0,0.0,120.0,11.0,2.0,3.0,51.0,27.0,12.0,21.0,9.0,10.0,108.0,25.0,85.0,48.0,96.0,35.0,2.0,12.0,44.0,28.0,10.0,18.0,2.0,19.0,86.0,47.0,59.0,74.0,68.0,52.0,13.0,129.0,4.0,121.0,12.0,111.0,22.0,129.0,4.0,91.0,42.0,53.0,67.0,13.0,103.0,28.0,2.0,39.0,37.0,22.0,30.0,5.0,48.0,31.0,7.0,18.0,29.0,11.0,122.0,18.0,92.0,20.0,3.0,128.0,0.0,5.0,91.0,34.0,8.0,118.0,14.0,1.0,23.0,110.0,115.0,18.0,90.0,37.0,5.0,1.0,114.0,14.0,5.0,76.0,54.0,3.0,109.0,21.0,3.0,120.0,9.0,0.0,4.0,91.0,42.0,98.0,31.0,4.0,0.0,129.0,3.0,1.0,90.0,41.0,2.0,85.0,48.0,0.0,94.0,39.0,0.0,129.0,4.0,0.0,0.0,7.0,65.0,59.0,2.0,4.1,4.3,Abaixo da média
26081059,ESCOLA DE REFERENCIA EM ENSINO MEDIO JOAO FERNANDES DA SILVA,10.0,1,01/02/2017,22/12/2017,2,2603,26011,26,2613206,261320605,2,1,,,,,,,,,,,1.0,1.0,1.0,0.0,0.0,0.0,0.0,0.0,0.0,0.0,,0.0,0.0,0.0,1.0,1.0,0.0,1.0,0.0,0.0,1.0,0.0,0.0,0.0,1.0,1.0,0.0,1.0,0.0,0.0,0.0,0.0,0.0,1.0,1.0,1.0,1.0,1.0,0.0,1.0,1.0,1.0,1.0,0.0,1.0,0.0,0.0,0.0,1.0,0.0,1.0,1.0,1.0,1.0,0.0,1.0,1.0,0.0,1.0,0.0,0.0,0.0,1.0,0.0,0.0,13.0,13.0,0.0,0.0,0.0,0.0,0.0,0.0,0.0,0.0,0.0,0.0,0.0,0.0,1.0,0.0,0.0,0.0,0.0,0.0,0.0,0.0,0.0,0.0,0.0,0.0,0.0,13.0,3.0,10.0,1.0,1.0,38.0,1.0,0.0,0.0,,0.0,0.0,0.0,1.0,0.0,,,0.0,0.0,0.0,1.0,0.0,0.0,0.0,1.0,1.0,0.0,0.0,0.0,0.0,0.0,1.0,0.0,0.0,0.0,0.0,0.0,0.0,0.0,0.0,0.0,0.0,1.0,0.0,0.0,0.0,0.0,0.0,0.0,25.0,14.0,97.0,7.0,1.0,23.0,0.0,9.0,78.0,34.0,19.0,14.0,7.0,6.0,6.0,161.0,5.0,162.0,118.0,49.0,126.0,36.0,5.0,131.0,34.0,2.0,2.0,132.0,33.0,0.0,5.0,79.0,72.0,11.0,1.0,13.0,43.0,67.0,18.0,25.0,158.0,9.0,0.0,0.0,0.0,140.0,20.0,7.0,11.0,49.0,33.0,19.0,35.0,10.0,10.0,133.0,34.0,116.0,51.0,111.0,51.0,5.0,23.0,47.0,21.0,12.0,41.0,1.0,22.0,110.0,57.0,76.0,91.0,83.0,60.0,24.0,160.0,7.0,145.0,22.0,146.0,21.0,163.0,4.0,117.0,50.0,38.0,113.0,16.0,116.0,39.0,12.0,38.0,42.0,16.0,65.0,6.0,61.0,46.0,17.0,16.0,27.0,22.0,145.0,17.0,116.0,33.0,1.0,162.0,1.0,4.0,92.0,47.0,28.0,148.0,14.0,5.0,52.0,115.0,155.0,12.0,102.0,55.0,8.0,2.0,146.0,16.0,5.0,88.0,72.0,7.0,134.0,27.0,6.0,149.0,12.0,1.0,5.0,136.0,31.0,114.0,44.0,9.0,0.0,155.0,10.0,2.0,139.0,26.0,2.0,114.0,53.0,0.0,126.0,40.0,1.0,160.0,5.0,2.0,0.0,7.0,80.0,75.0,5.0,4.0,4.3,Abaixo da média
26081180,ESCOLA DE REFERENCIA EM ENSINO MEDIO MONSENHOR ALFREDO DAMASO,10.0,1,01/02/2017,22/12/2017,2,2603,26011,26,2615102,261510205,2,1,,,,,,,,,,,1.0,1.0,1.0,0.0,0.0,0.0,0.0,0.0,0.0,0.0,,0.0,0.0,0.0,1.0,1.0,0.0,0.0,0.0,0.0,1.0,0.0,0.0,0.0,0.0,1.0,0.0,1.0,0.0,0.0,0.0,0.0,0.0,1.0,1.0,0.0,0.0,1.0,0.0,0.0,0.0,1.0,1.0,0.0,1.0,0.0,0.0,0.0,1.0,0.0,0.0,0.0,1.0,0.0,0.0,1.0,0.0,0.0,1.0,0.0,0.0,0.0,0.0,0.0,0.0,12.0,12.0,1.0,0.0,0.0,0.0,1.0,0.0,1.0,1.0,0.0,1.0,0.0,1.0,1.0,1.0,0.0,0.0,0.0,3.0,0.0,2.0,2.0,0.0,2.0,0.0,2.0,20.0,2.0,18.0,1.0,0.0,26.0,1.0,1.0,0.0,0.0,0.0,0.0,0.0,1.0,0.0,,,0.0,0.0,0.0,1.0,0.0,0.0,0.0,1.0,0.0,0.0,0.0,0.0,0.0,1.0,1.0,0.0,0.0,0.0,0.0,0.0,0.0,0.0,0.0,0.0,0.0,0.0,0.0,0.0,0.0,0.0,0.0,0.0,24.0,4.0,33.0,9.0,1.0,16.0,0.0,6.0,32.0,26.0,13.0,3.0,4.0,3.0,2.0,85.0,2.0,85.0,67.0,20.0,71.0,13.0,3.0,77.0,9.0,1.0,1.0,73.0,13.0,0.0,1.0,31.0,43.0,12.0,0.0,8.0,20.0,28.0,16.0,15.0,82.0,5.0,0.0,0.0,0.0,78.0,8.0,1.0,8.0,31.0,13.0,8.0,17.0,2.0,8.0,68.0,19.0,56.0,31.0,68.0,18.0,1.0,12.0,30.0,10.0,5.0,12.0,0.0,18.0,54.0,33.0,41.0,46.0,76.0,9.0,2.0,85.0,2.0,82.0,5.0,74.0,13.0,86.0,1.0,69.0,18.0,38.0,46.0,3.0,51.0,35.0,1.0,29.0,23.0,9.0,18.0,8.0,35.0,26.0,5.0,5.0,16.0,5.0,82.0,17.0,51.0,18.0,1.0,85.0,0.0,2.0,51.0,25.0,11.0,84.0,2.0,1.0,33.0,54.0,78.0,9.0,58.0,28.0,1.0,0.0,80.0,7.0,0.0,58.0,28.0,1.0,68.0,19.0,0.0,85.0,1.0,1.0,0.0,63.0,24.0,51.0,33.0,3.0,0.0,82.0,5.0,0.0,78.0,8.0,1.0,60.0,26.0,1.0,63.0,23.0,1.0,87.0,0.0,0.0,0.0,29.0,49.0,9.0,0.0,4.3,4.3,Média
26048337,ESCOLA DE REFERENCIA EM ENSINO MEDIO JOSE EMILIO DE MELO,11.0,1,01/02/2017,22/12/2017,2,2603,26007,26,2615805,261580505,2,1,,,,,,,,,,,1.0,1.0,1.0,0.0,0.0,0.0,0.0,0.0,0.0,0.0,,0.0,0.0,0.0,1.0,1.0,0.0,0.0,0.0,0.0,1.0,0.0,0.0,0.0,1.0,0.0,0.0,1.0,0.0,0.0,0.0,0.0,0.0,1.0,1.0,1.0,1.0,0.0,0.0,1.0,1.0,1.0,1.0,0.0,1.0,0.0,0.0,0.0,1.0,0.0,1.0,0.0,0.0,1.0,1.0,1.0,1.0,0.0,0.0,1.0,0.0,0.0,0.0,0.0,0.0,15.0,15.0,1.0,0.0,1.0,1.0,1.0,0.0,1.0,1.0,1.0,1.0,0.0,0.0,1.0,1.0,0.0,6.0,2.0,1.0,0.0,2.0,1.0,3.0,5.0,0.0,0.0,14.0,6.0,9.0,1.0,1.0,44.0,1.0,0.0,0.0,0.0,0.0,0.0,0.0,1.0,0.0,,,0.0,0.0,0.0,1.0,0.0,0.0,1.0,1.0,0.0,0.0,0.0,0.0,0.0,0.0,1.0,0.0,0.0,0.0,0.0,1.0,0.0,0.0,0.0,0.0,0.0,0.0,0.0,0.0,0.0,0.0,0.0,0.0,33.0,9.0,121.0,6.0,5.0,46.0,0.0,7.0,86.0,58.0,40.0,20.0,7.0,2.0,6.0,214.0,4.0,216.0,157.0,63.0,175.0,39.0,6.0,187.0,29.0,4.0,9.0,188.0,23.0,1.0,5.0,97.0,86.0,31.0,1.0,12.0,33.0,81.0,47.0,46.0,212.0,5.0,3.0,0.0,0.0,193.0,20.0,7.0,29.0,60.0,37.0,9.0,49.0,14.0,22.0,162.0,58.0,146.0,74.0,156.0,57.0,7.0,34.0,63.0,29.0,6.0,37.0,3.0,48.0,149.0,71.0,121.0,99.0,123.0,86.0,11.0,216.0,4.0,197.0,23.0,184.0,36.0,215.0,5.0,168.0,52.0,69.0,137.0,14.0,148.0,64.0,8.0,80.0,37.0,19.0,71.0,13.0,76.0,54.0,20.0,33.0,37.0,19.0,201.0,24.0,137.0,58.0,1.0,215.0,2.0,3.0,120.0,77.0,23.0,206.0,7.0,7.0,80.0,140.0,176.0,44.0,155.0,54.0,3.0,8.0,189.0,24.0,7.0,136.0,77.0,7.0,187.0,28.0,5.0,179.0,34.0,1.0,6.0,181.0,39.0,174.0,41.0,5.0,0.0,214.0,6.0,0.0,184.0,36.0,0.0,171.0,49.0,0.0,150.0,69.0,1.0,219.0,1.0,0.0,0.0,42.0,157.0,21.0,0.0,4.0,4.1,Abaixo da média
26049406,ESCOLA DE REFERENCIA EM ENSINO MEDIO QUITERIA WANDERLEY SIMOES,11.0,1,01/02/2017,21/12/2017,2,2603,26007,26,2616001,261600105,2,1,,,,,,,,,,,1.0,1.0,1.0,0.0,0.0,0.0,0.0,0.0,0.0,0.0,,0.0,0.0,0.0,1.0,1.0,0.0,0.0,0.0,0.0,1.0,0.0,0.0,0.0,1.0,0.0,0.0,1.0,0.0,0.0,0.0,0.0,0.0,1.0,1.0,1.0,1.0,1.0,0.0,1.0,1.0,1.0,1.0,0.0,1.0,0.0,0.0,0.0,1.0,0.0,0.0,0.0,0.0,0.0,0.0,0.0,1.0,0.0,0.0,0.0,0.0,0.0,0.0,0.0,0.0,15.0,14.0,1.0,0.0,1.0,1.0,1.0,1.0,1.0,1.0,1.0,1.0,0.0,1.0,1.0,12.0,0.0,3.0,2.0,2.0,2.0,5.0,3.0,7.0,24.0,0.0,2.0,31.0,9.0,22.0,1.0,1.0,43.0,1.0,1.0,1.0,0.0,0.0,0.0,0.0,1.0,0.0,,,0.0,1.0,0.0,1.0,0.0,0.0,1.0,1.0,0.0,0.0,0.0,0.0,0.0,0.0,1.0,0.0,0.0,0.0,0.0,1.0,0.0,0.0,0.0,0.0,0.0,0.0,0.0,0.0,0.0,0.0,0.0,0.0,42.0,9.0,54.0,8.0,0.0,25.0,0.0,8.0,74.0,43.0,12.0,1.0,0.0,0.0,4.0,134.0,2.0,136.0,92.0,46.0,109.0,26.0,3.0,94.0,38.0,6.0,0.0,111.0,27.0,0.0,3.0,68.0,57.0,10.0,1.0,17.0,25.0,45.0,25.0,25.0,130.0,8.0,0.0,0.0,0.0,120.0,13.0,5.0,8.0,25.0,21.0,16.0,43.0,11.0,14.0,117.0,21.0,103.0,35.0,81.0,52.0,5.0,13.0,24.0,28.0,12.0,32.0,2.0,27.0,108.0,30.0,72.0,66.0,98.0,30.0,10.0,137.0,1.0,124.0,14.0,121.0,17.0,135.0,3.0,109.0,29.0,42.0,86.0,10.0,100.0,35.0,3.0,19.0,29.0,25.0,58.0,7.0,50.0,36.0,15.0,7.0,30.0,10.0,128.0,88.0,40.0,9.0,1.0,128.0,1.0,9.0,103.0,30.0,5.0,134.0,3.0,1.0,29.0,109.0,128.0,10.0,98.0,35.0,2.0,3.0,125.0,10.0,3.0,75.0,55.0,8.0,119.0,15.0,4.0,118.0,16.0,1.0,3.0,78.0,60.0,94.0,33.0,7.0,4.0,124.0,9.0,5.0,115.0,19.0,4.0,74.0,60.0,4.0,105.0,29.0,4.0,119.0,14.0,2.0,3.0,16.0,106.0,16.0,0.0,4.9,4.1,Acima da média
26049422,ESCOLA CONEGO EMANUEL VASCONCELOS,11.0,1,01/02/2017,21/12/2017,2,2603,26007,26,2616001,261600105,2,1,,,,,,,,,,,1.0,1.0,2.0,0.0,0.0,0.0,0.0,0.0,0.0,0.0,,1.0,1.0,0.0,0.0,0.0,0.0,1.0,0.0,0.0,1.0,0.0,0.0,0.0,1.0,0.0,0.0,1.0,0.0,0.0,0.0,0.0,0.0,0.0,0.0,0.0,0.0,0.0,0.0,0.0,0.0,1.0,1.0,0.0,1.0,0.0,0.0,0.0,1.0,0.0,0.0,0.0,0.0,0.0,0.0,0.0,0.0,0.0,0.0,0.0,0.0,0.0,0.0,0.0,0.0,8.0,8.0,1.0,0.0,0.0,1.0,1.0,0.0,1.0,0.0,1.0,1.0,0.0,1.0,1.0,2.0,0.0,0.0,1.0,1.0,0.0,5.0,0.0,2.0,5.0,0.0,2.0,24.0,4.0,20.0,1.0,0.0,46.0,1.0,0.0,1.0,0.0,0.0,0.0,0.0,1.0,0.0,,,0.0,0.0,0.0,1.0,0.0,0.0,0.0,1.0,1.0,0.0,0.0,0.0,0.0,1.0,1.0,0.0,0.0,0.0,0.0,0.0,0.0,0.0,0.0,0.0,1.0,1.0,0.0,0.0,0.0,0.0,0.0,0.0,4.0,5.0,8.0,0.0,0.0,8.0,0.0,0.0,11.0,2.0,7.0,5.0,0.0,0.0,1.0,24.0,2.0,23.0,19.0,6.0,21.0,3.0,1.0,22.0,3.0,0.0,1.0,23.0,1.0,0.0,2.0,14.0,7.0,2.0,0.0,3.0,3.0,11.0,4.0,4.0,22.0,2.0,0.0,1.0,0.0,18.0,6.0,1.0,4.0,4.0,2.0,5.0,7.0,0.0,3.0,21.0,4.0,17.0,8.0,15.0,8.0,2.0,6.0,7.0,1.0,0.0,7.0,0.0,4.0,18.0,7.0,11.0,14.0,18.0,4.0,3.0,25.0,0.0,20.0,5.0,19.0,6.0,23.0,2.0,19.0,6.0,1.0,17.0,7.0,14.0,9.0,2.0,8.0,1.0,1.0,10.0,5.0,11.0,3.0,2.0,5.0,4.0,5.0,20.0,17.0,7.0,1.0,0.0,24.0,0.0,1.0,13.0,5.0,7.0,21.0,3.0,1.0,13.0,12.0,20.0,5.0,20.0,5.0,0.0,0.0,19.0,4.0,2.0,15.0,6.0,4.0,18.0,4.0,3.0,21.0,2.0,1.0,1.0,24.0,1.0,19.0,4.0,1.0,1.0,22.0,2.0,1.0,19.0,4.0,2.0,15.0,9.0,1.0,20.0,4.0,1.0,24.0,0.0,0.0,1.0,2.0,9.0,12.0,2.0,3.7,4.1,Abaixo da média
